dateTime,open,high,low,close,volume,closeTime,quoteAssetVolume,numberOfTrades,takerBuyBaseVol,takerBuyQuoteVol,ignore
2019-09-23,209.55000000,209.55000000,209.55000000,209.55000000,0.01000000,2019-09-23 23:59:59.999,2.09550000,1,0.00000000,0.00000000,0
2019-09-24,195.50000000,195.50000000,152.56000000,167.09000000,2224.36708000,2019-09-24 23:59:59.999,372216.57672210,1162,999.08192000,167999.08871190,0
2019-09-25,166.84000000,174.15000000,163.18000000,170.00000000,181.60286000,2019-09-25 23:59:59.999,30484.99490570,245,91.52286000,15340.04559900,0
2019-09-26,169.95000000,170.77000000,153.07000000,166.69000000,545.45350000,2019-09-26 23:59:59.999,90698.28420630,462,310.10175000,51803.02561300,0
2019-09-27,166.34000000,175.54000000,161.44000000,173.69000000,630.91688000,2019-09-27 23:59:59.999,105790.28902980,580,301.33343000,50521.59216750,0
2019-09-28,174.14000000,175.05000000,168.43000000,172.84000000,158.67273000,2019-09-28 23:59:59.999,27525.10224270,284,61.05383000,10575.89118380,0
2019-09-29,173.92000000,173.92000000,165.02000000,169.46000000,1365.66487000,2019-09-29 23:59:59.999,231069.77047300,544,662.21470000,111991.89560430,0
2019-09-30,169.40000000,181.08000000,165.61000000,180.64000000,1462.69491000,2019-09-30 23:59:59.999,253974.85009400,1403,765.29173000,133530.27349630,0
2019-10-01,180.43000000,185.59000000,173.45000000,175.66000000,1145.93635000,2019-10-01 23:59:59.999,205668.72749750,1672,701.53943000,125575.40306300,0
2019-10-02,175.83000000,181.01000000,173.91000000,180.44000000,429.18857000,2019-10-02 23:59:59.999,75750.82972510,718,247.99349000,43755.77482480,0
2019-10-03,180.58000000,180.58000000,169.99000000,174.61000000,663.66412000,2019-10-03 23:59:59.999,116155.03412090,861,295.25433000,51550.76870140,0
2019-10-04,174.91000000,178.94000000,170.93000000,175.72000000,639.72813000,2019-10-04 23:59:59.999,111926.69341910,836,358.66442000,62683.08447030,0
2019-10-05,175.01000000,176.66000000,172.33000000,176.04000000,444.76459000,2019-10-05 23:59:59.999,77860.99137430,635,226.63650000,39639.19569130,0
2019-10-06,176.25000000,176.63000000,167.97000000,170.19000000,432.94126000,2019-10-06 23:59:59.999,74953.56982470,905,232.92655000,40382.08709980,0
2019-10-07,170.07000000,181.87000000,168.88000000,179.94000000,663.15443000,2019-10-07 23:59:59.999,118414.57057700,983,364.86539000,65132.27124260,0
2019-10-08,180.89000000,184.56000000,177.43000000,180.71000000,470.50028000,2019-10-08 23:59:59.999,84926.56242960,699,280.40638000,50663.52740800,0
2019-10-09,180.56000000,195.43000000,179.44000000,192.81000000,1125.24298000,2019-10-09 23:59:59.999,212134.29485100,993,587.03156000,110814.09420380,0
2019-10-10,192.82000000,194.18000000,187.03000000,191.12000000,643.14385000,2019-10-10 23:59:59.999,122874.81894820,865,286.58288000,54841.53515720,0
2019-10-11,191.58000000,196.42000000,179.64000000,180.58000000,2733.21683000,2019-10-11 23:59:59.999,506572.72930890,3976,1147.01382000,212990.45597150,0
2019-10-12,180.61000000,184.57000000,178.00000000,179.73000000,1852.27890000,2019-10-12 23:59:59.999,337639.53695900,3478,899.27405000,163817.58463010,0
2019-10-13,179.32000000,184.37000000,178.55000000,181.05000000,2183.27900000,2019-10-13 23:59:59.999,397040.60389660,3660,1032.11647000,187637.27780670,0
2019-10-14,180.80000000,187.47000000,180.49000000,186.73000000,2057.30732000,2019-10-14 23:59:59.999,378876.64198740,3072,1035.40010000,190379.13376690,0
2019-10-15,186.76000000,188.31000000,177.88000000,180.64000000,2603.38186000,2019-10-15 23:59:59.999,476034.16972190,5230,1273.29127000,232843.04261350,0
2019-10-16,180.48000000,181.15000000,172.29000000,174.56000000,2788.06167000,2019-10-16 23:59:59.999,489583.64981170,5361,1306.82114000,229705.98712260,0
2019-10-17,174.56000000,178.87000000,172.67000000,177.14000000,2420.30849000,2019-10-17 23:59:59.999,425744.10813940,4365,1365.34298000,240350.81969520,0
2019-10-18,177.30000000,177.37000000,168.64000000,172.79000000,2128.54381000,2019-10-18 23:59:59.999,368508.06285280,4867,1208.07803000,209141.91846600,0
2019-10-19,172.84000000,174.85000000,169.94000000,171.58000000,1777.62676000,2019-10-19 23:59:59.999,306573.85038930,2964,948.36212000,163570.61561170,0
2019-10-20,171.86000000,176.39000000,169.38000000,175.15000000,1467.63899000,2019-10-20 23:59:59.999,253427.08877800,2098,751.10749000,129620.72089330,0
2019-10-21,174.95000000,177.90000000,171.63000000,174.04000000,1628.36338000,2019-10-21 23:59:59.999,283438.88444000,2456,883.22634000,153648.58658170,0
2019-10-22,173.90000000,174.94000000,170.28000000,171.28000000,2108.43858000,2019-10-22 23:59:59.999,364850.96498480,3084,1123.24164000,194287.06744190,0
2019-10-23,171.06000000,171.35000000,153.44000000,162.14000000,5100.69619000,2019-10-23 23:59:59.999,827138.72412690,7487,3068.74481000,497427.50565450,0
2019-10-24,162.32000000,163.05000000,158.80000000,160.33000000,6688.38900000,2019-10-24 23:59:59.999,1079193.62421550,8334,4683.58377000,756281.86159230,0
2019-10-25,160.29000000,187.37000000,160.29000000,181.37000000,3933.76907000,2019-10-25 23:59:59.999,670694.53988820,5271,2229.44623000,379754.98947690,0
2019-10-26,181.42000000,196.98000000,174.00000000,179.47000000,6012.15421000,2019-10-26 23:59:59.999,1098740.32965160,8346,3235.09454000,592775.96773400,0
2019-10-27,179.57000000,188.52000000,176.24000000,183.88000000,5245.64149000,2019-10-27 23:59:59.999,956940.23839830,6947,3299.38833000,600572.40534370,0
2019-10-28,183.68000000,189.43000000,180.36000000,181.51000000,2860.96538000,2019-10-28 23:59:59.999,527899.68689880,4557,1499.42782000,275621.73219440,0
2019-10-29,181.65000000,192.72000000,181.34000000,190.52000000,2958.42192000,2019-10-29 23:59:59.999,550667.80641460,4118,1837.14383000,341925.57211270,0
2019-10-30,190.54000000,191.57000000,179.98000000,182.98000000,2489.72203000,2019-10-30 23:59:59.999,463784.24123420,4159,1487.39705000,277476.53413910,0
2019-10-31,183.27000000,185.20000000,177.79000000,182.43000000,2163.93680000,2019-10-31 23:59:59.999,393310.38925200,4567,1548.84693000,281490.78276280,0
2019-11-01,181.91000000,184.29000000,178.03000000,182.79000000,1018.52550000,2019-11-01 23:59:59.999,184791.41228840,1448,572.78264000,103911.34261490,0
2019-11-02,183.15000000,185.49000000,181.76000000,182.86000000,384.27763000,2019-11-02 23:59:59.999,70396.94170460,450,139.17658000,25514.96537060,0
2019-11-03,183.00000000,184.59000000,179.08000000,181.35000000,311.23661000,2019-11-03 23:59:59.999,56603.62976030,429,162.89999000,29590.38145550,0
2019-11-04,181.68000000,188.43000000,180.42000000,185.80000000,430.41322000,2019-11-04 23:59:59.999,79528.13989160,500,337.00720000,62338.44070270,0
2019-11-05,185.71000000,191.77000000,183.00000000,188.70000000,717.54367000,2019-11-05 23:59:59.999,134407.75790930,748,364.42879000,68351.16405640,0
2019-11-06,188.58000000,194.14000000,187.90000000,191.26000000,542.30710000,2019-11-06 23:59:59.999,103498.65705260,781,317.89129000,60670.23620910,0
2019-11-07,190.91000000,191.92000000,185.05000000,186.90000000,447.92232000,2019-11-07 23:59:59.999,84068.54422340,624,190.98661000,35852.21221120,0
2019-11-08,186.76000000,188.18000000,181.72000000,183.61000000,863.15950000,2019-11-08 23:59:59.999,158882.28048290,764,414.11000000,76142.03801960,0
2019-11-09,183.62000000,185.63000000,182.75000000,184.87000000,295.34768000,2019-11-09 23:59:59.999,54456.07817330,494,143.21287000,26401.78234030,0
2019-11-10,184.70000000,191.32000000,183.47000000,189.10000000,942.54275000,2019-11-10 23:59:59.999,177355.50741040,935,480.47238000,90449.10979210,0
2019-11-11,189.12000000,190.03000000,184.19000000,184.83000000,594.11034000,2019-11-11 23:59:59.999,110793.20797260,668,261.67874000,48840.85397180,0
2019-11-12,184.48000000,187.39000000,182.80000000,186.89000000,755.24726000,2019-11-12 23:59:59.999,140170.07880920,682,305.82848000,56731.77926940,0
2019-11-13,187.06000000,189.52000000,185.34000000,187.89000000,501.02049000,2019-11-13 23:59:59.999,93869.93850300,719,265.28637000,49698.83435210,0
2019-11-14,188.54000000,188.56000000,183.38000000,184.88000000,759.95161000,2019-11-14 23:59:59.999,140633.32368250,951,305.99438000,56771.13348140,0
2019-11-15,184.92000000,186.69000000,177.97000000,180.09000000,894.75713000,2019-11-15 23:59:59.999,163652.88238590,957,407.10144000,74418.48143330,0
2019-11-16,179.99000000,183.41000000,179.28000000,182.36000000,301.17578000,2019-11-16 23:59:59.999,54708.41803420,532,140.11639000,25470.88079260,0
2019-11-17,182.48000000,185.81000000,180.22000000,183.75000000,746.57442000,2019-11-17 23:59:59.999,137402.97059660,1323,617.24967000,113763.53363180,0
2019-11-18,183.68000000,183.93000000,175.09000000,178.27000000,896.14943000,2019-11-18 23:59:59.999,161117.41864950,1645,658.76689000,118488.45776770,0
2019-11-19,178.08000000,178.48000000,173.00000000,175.98000000,667.46308000,2019-11-19 23:59:59.999,117138.39960550,1283,415.22206000,72856.44875820,0
2019-11-20,175.96000000,177.41000000,173.50000000,174.67000000,385.37451000,2019-11-20 23:59:59.999,67668.12291600,774,245.24638000,43100.92456290,0
2019-11-21,174.44000000,175.72000000,157.29000000,160.95000000,1542.26599000,2019-11-21 23:59:59.999,253050.50060220,2372,938.98387000,154090.18624290,0
2019-11-22,161.11000000,162.69000000,138.76000000,150.00000000,2095.77075000,2019-11-22 23:59:59.999,319684.68743960,3848,1326.51207000,202142.44074670,0
2019-11-23,149.85000000,154.18000000,146.21000000,151.70000000,408.04744000,2019-11-23 23:59:59.999,61669.43693980,885,153.13093000,23135.72321630,0
2019-11-24,152.50000000,152.57000000,138.76000000,140.13000000,419.34405000,2019-11-24 23:59:59.999,61144.17082620,941,206.33821000,30047.67332090,0
2019-11-25,139.79000000,151.39000000,131.57000000,145.78000000,1452.57960000,2019-11-25 23:59:59.999,205501.85155140,2344,732.07964000,103475.17268960,0
2019-11-26,146.84000000,149.88000000,143.66000000,147.37000000,282.95957000,2019-11-26 23:59:59.999,41380.52559310,657,134.88244000,19734.07314120,0
2019-11-27,147.52000000,155.33000000,140.99000000,152.63000000,1037.60794000,2019-11-27 23:59:59.999,153664.92231000,2020,604.10328000,89728.68965030,0
2019-11-28,153.25000000,154.47000000,149.16000000,150.72000000,472.12819000,2019-11-28 23:59:59.999,71990.77164180,803,215.79784000,33009.78378630,0
2019-11-29,150.57000000,156.91000000,150.24000000,154.28000000,393.12481000,2019-11-29 23:59:59.999,60681.21746270,1072,211.40256000,32671.10004790,0
2019-11-30,154.14000000,155.22000000,149.88000000,151.55000000,442.06175000,2019-11-30 23:59:59.999,67355.52973960,1387,252.38074000,38432.74063990,0
2019-12-01,150.76000000,152.38000000,145.93000000,150.90000000,561.55426000,2019-12-01 23:59:59.999,83782.00198650,1237,320.52956000,47761.84272970,0
2019-12-02,151.12000000,151.25000000,146.84000000,148.70000000,641.55738000,2019-12-02 23:59:59.999,95292.15153890,1425,381.52195000,56733.47860600,0
2019-12-03,148.92000000,149.82000000,145.74000000,147.06000000,744.79843000,2019-12-03 23:59:59.999,110503.17158010,1613,522.78085000,77585.18836530,0
2019-12-04,147.17000000,151.89000000,143.48000000,145.44000000,921.68088000,2019-12-04 23:59:59.999,135470.99896930,2240,532.73881000,78391.86397150,0
2019-12-05,145.58000000,148.89000000,143.89000000,147.56000000,890.55461000,2019-12-05 23:59:59.999,130184.54656830,1930,622.76178000,90974.61737030,0
2019-12-06,148.23000000,149.40000000,146.06000000,148.49000000,337.45329000,2019-12-06 23:59:59.999,49789.64775940,845,178.72377000,26381.20732190,0
2019-12-07,148.34000000,149.29000000,146.99000000,147.21000000,171.18076000,2019-12-07 23:59:59.999,25327.49279660,652,79.44561000,11750.40884810,0
2019-12-08,147.00000000,151.52000000,146.35000000,150.39000000,385.42813000,2019-12-08 23:59:59.999,57534.27356250,594,187.28850000,28002.45110170,0
2019-12-09,150.47000000,151.04000000,146.77000000,147.42000000,411.52470000,2019-12-09 23:59:59.999,61447.65479380,695,221.00023000,32989.66116420,0
2019-12-10,147.28000000,148.25000000,143.91000000,145.62000000,486.60485000,2019-12-10 23:59:59.999,71207.12902790,882,283.59356000,41494.23645980,0
2019-12-11,145.51000000,146.27000000,142.33000000,143.40000000,383.07693000,2019-12-11 23:59:59.999,55280.14825660,674,260.95728000,37690.84464270,0
2019-12-12,143.52000000,145.82000000,139.27000000,144.88000000,304.79891000,2019-12-12 23:59:59.999,43564.68610380,590,199.03484000,28469.16187730,0
2019-12-13,145.16000000,145.27000000,143.05000000,144.71000000,491.84718000,2019-12-13 23:59:59.999,70903.93419560,622,137.41661000,19821.69692580,0
2019-12-14,144.83000000,145.07000000,141.32000000,141.80000000,296.88640000,2019-12-14 23:59:59.999,42431.99348480,615,191.20169000,27350.94700330,0
2019-12-15,141.88000000,143.81000000,139.97000000,142.43000000,431.25341000,2019-12-15 23:59:59.999,61268.66864010,613,267.15281000,37943.86281910,0
2019-12-16,142.30000000,142.41000000,130.17000000,132.58000000,2088.51785000,2019-12-16 23:59:59.999,283503.49546610,1346,851.24817000,115065.71104340,0
2019-12-17,132.70000000,132.87000000,119.94000000,121.98000000,1000.33522000,2019-12-17 23:59:59.999,124892.90998640,857,542.56829000,67536.24365090,0
2019-12-18,122.09000000,134.21000000,116.39000000,132.69000000,1427.53930000,2019-12-18 23:59:59.999,177311.04968580,1389,669.04998000,83402.04442600,0
2019-12-19,133.06000000,134.49000000,125.83000000,128.16000000,687.98806000,2019-12-19 23:59:59.999,88490.10004550,836,413.22020000,53253.65542310,0
2019-12-20,128.35000000,129.19000000,125.94000000,128.26000000,190.01350000,2019-12-20 23:59:59.999,24266.39191180,207,69.51875000,8872.08588780,0
2019-12-21,128.36000000,128.36000000,126.91000000,127.04000000,79.55353000,2019-12-21 23:59:59.999,10114.17179920,81,21.49861000,2734.80594250,0
2019-12-22,127.07000000,133.04000000,126.90000000,132.14000000,620.86477000,2019-12-22 23:59:59.999,81568.41395490,272,473.91733000,62389.88316340,0
2019-12-23,132.66000000,135.14000000,126.36000000,128.21000000,311.06964000,2019-12-23 23:59:59.999,40889.15872320,318,157.61154000,20771.16493290,0
2019-12-24,127.91000000,129.69000000,126.85000000,127.87000000,196.16299000,2019-12-24 23:59:59.999,25077.23440540,182,56.28028000,7191.31197960,0
2019-12-25,127.87000000,127.87000000,123.64000000,125.08000000,181.18960000,2019-12-25 23:59:59.999,22752.13059470,173,71.28213000,8951.63445700,0
2019-12-26,125.08000000,131.99000000,124.54000000,125.61000000,267.52029000,2019-12-26 23:59:59.999,33960.19617360,186,158.53949000,20132.36219170,0
2019-12-27,125.47000000,126.89000000,123.00000000,126.26000000,180.92747000,2019-12-27 23:59:59.999,22655.83373270,247,100.50887000,12574.35572450,0
2019-12-28,126.92000000,129.53000000,126.85000000,128.49000000,88.33989000,2019-12-28 23:59:59.999,11318.70753980,124,53.18707000,6816.78208350,0
2019-12-29,127.95000000,137.86000000,127.88000000,135.07000000,219.23223000,2019-12-29 23:59:59.999,29231.33594510,239,97.85483000,13073.73405110,0
2019-12-30,133.79000000,136.21000000,130.42000000,131.51000000,365.35289000,2019-12-30 23:59:59.999,48685.73861550,397,159.49113000,21251.24863300,0
2019-12-31,131.52000000,133.29000000,128.28000000,129.25000000,526.84437000,2019-12-31 23:59:59.999,68557.02476470,426,281.10348000,36477.86457190,0
2020-01-01,128.93000000,132.93000000,128.82000000,130.52000000,419.85641000,2020-01-01 23:59:59.999,54934.23308180,325,158.40840000,20759.23845120,0
2020-01-02,130.42000000,130.53000000,126.66000000,127.22000000,298.29122000,2020-01-02 23:59:59.999,38349.37336600,207,182.65126000,23400.00973930,0
2020-01-03,127.08000000,134.88000000,126.06000000,133.95000000,513.53291000,2020-01-03 23:59:59.999,67367.00559280,401,224.47967000,29421.77717980,0
2020-01-04,134.79000000,135.83000000,132.68000000,134.02000000,87.49993000,2020-01-04 23:59:59.999,11700.67750580,63,51.78738000,6935.58924030,0
2020-01-05,134.84000000,138.51000000,134.39000000,135.23000000,275.28558000,2020-01-05 23:59:59.999,37444.91522340,277,129.78132000,17682.22466380,0
2020-01-06,135.24000000,144.52000000,135.24000000,143.98000000,624.32469000,2020-01-06 23:59:59.999,88075.78502320,335,250.45505000,35256.50234590,0
2020-01-07,144.55000000,145.40000000,138.99000000,142.89000000,1476.11643000,2020-01-07 23:59:59.999,209958.35398890,1053,665.04502000,94263.45843760,0
2020-01-08,142.94000000,147.78000000,137.55000000,140.89000000,710.02555000,2020-01-08 23:59:59.999,101517.74513590,751,259.68607000,37070.06467540,0
2020-01-09,140.51000000,141.36000000,135.63000000,138.08000000,510.43894000,2020-01-09 23:59:59.999,70631.56984450,624,219.64454000,30231.06612670,0
2020-01-10,137.71000000,144.85000000,135.59000000,144.32000000,1092.59512000,2020-01-10 23:59:59.999,155607.04149110,746,206.21602000,29074.66430510,0
2020-01-11,144.24000000,147.69000000,142.15000000,142.74000000,296.22261000,2020-01-11 23:59:59.999,42731.50005510,570,162.06035000,23337.02451950,0
2020-01-12,142.01000000,146.12000000,141.96000000,146.07000000,250.31463000,2020-01-12 23:59:59.999,36134.12640950,524,143.06176000,20635.38957700,0
2020-01-13,146.32000000,147.07000000,142.55000000,143.90000000,424.57906000,2020-01-13 23:59:59.999,60924.53151320,416,106.47078000,15282.01982840,0
2020-01-14,143.50000000,170.85000000,143.50000000,166.38000000,3495.88198000,2020-01-14 23:59:59.999,547672.62408160,1994,1957.76434000,306952.20798500,0
2020-01-15,165.44000000,171.75000000,159.41000000,165.91000000,1967.84328000,2020-01-15 23:59:59.999,325959.18502520,1327,1040.91423000,172349.97340520,0
2020-01-16,165.59000000,165.72000000,158.62000000,164.43000000,685.02791000,2020-01-16 23:59:59.999,111372.06416920,423,324.78121000,52694.86700420,0
2020-01-17,164.63000000,174.22000000,163.04000000,170.21000000,1701.68023000,2020-01-17 23:59:59.999,289596.92465280,1356,991.70572000,168851.34173790,0
2020-01-18,170.01000000,179.00000000,165.28000000,174.19000000,1535.67838000,2020-01-18 23:59:59.999,266146.83285850,1246,655.03523000,113360.11812190,0
2020-01-19,174.29000000,178.23000000,162.77000000,166.83000000,1746.77142000,2020-01-19 23:59:59.999,294890.99407600,866,1241.43907000,209121.04376920,0
2020-01-20,167.14000000,169.00000000,161.56000000,166.85000000,775.89315000,2020-01-20 23:59:59.999,128461.91002060,405,507.27512000,84266.36082350,0
2020-01-21,166.90000000,170.08000000,165.12000000,169.19000000,1654.97278000,2020-01-21 23:59:59.999,277313.46193850,809,630.63870000,105517.89920080,0
2020-01-22,169.78000000,171.34000000,166.27000000,168.22000000,590.70276000,2020-01-22 23:59:59.999,99686.35124220,349,275.21442000,46426.96369990,0
2020-01-23,168.23000000,168.29000000,159.63000000,162.90000000,1216.70292000,2020-01-23 23:59:59.999,198477.11806240,975,751.06872000,122566.93619400,0
2020-01-24,163.13000000,164.52000000,155.70000000,162.34000000,433.32051000,2020-01-24 23:59:59.999,69914.50913480,1404,319.08558000,51407.48016840,0
2020-01-25,161.78000000,162.44000000,157.91000000,160.63000000,744.22533000,2020-01-25 23:59:59.999,119556.70605280,1482,292.69652000,46955.54518470,0
2020-01-26,160.26000000,168.00000000,159.62000000,167.85000000,434.89771000,2020-01-26 23:59:59.999,71720.03688700,784,134.80707000,22061.85167400,0
2020-01-27,168.34000000,172.01000000,165.93000000,170.28000000,1158.97031000,2020-01-27 23:59:59.999,195209.91841960,2308,468.66637000,79521.30233430,0
2020-01-28,170.54000000,176.52000000,170.45000000,175.91000000,673.12846000,2020-01-28 23:59:59.999,116212.91753920,2131,459.66140000,79443.61649280,0
2020-01-29,175.99000000,178.33000000,173.49000000,173.86000000,834.19123000,2020-01-29 23:59:59.999,147342.91072630,1983,486.53931000,86049.33752510,0
2020-01-30,173.86000000,187.02000000,171.00000000,184.41000000,798.76881000,2020-01-30 23:59:59.999,141639.98118190,3035,529.67690000,93853.38246850,0
2020-01-31,184.67000000,185.65000000,175.35000000,179.53000000,492.91024000,2020-01-31 23:59:59.999,88735.12352820,1429,256.99788000,46248.54284370,0
2020-02-01,179.43000000,184.37000000,179.35000000,183.75000000,290.87676000,2020-02-01 23:59:59.999,52899.85231910,1008,159.79291000,29041.42879690,0
2020-02-02,183.19000000,193.50000000,179.52000000,188.65000000,559.78512000,2020-02-02 23:59:59.999,104082.04808120,1430,292.37120000,54762.34156200,0
2020-02-03,188.07000000,195.54000000,187.12000000,190.15000000,764.00570000,2020-02-03 23:59:59.999,145071.53832330,2802,520.51740000,98891.01238320,0
2020-02-04,190.55000000,191.45000000,185.00000000,189.06000000,625.08286000,2020-02-04 23:59:59.999,117595.98023060,1792,380.77166000,71714.94559170,0
2020-02-05,188.89000000,207.52000000,188.21000000,203.85000000,1082.64183000,2020-02-05 23:59:59.999,213654.47004780,2781,695.02661000,137787.73851920,0
2020-02-06,203.90000000,216.18000000,201.00000000,213.28000000,1152.74338000,2020-02-06 23:59:59.999,243634.67792260,2467,622.62759000,131523.20732150,0
2020-02-07,213.39000000,224.58000000,213.39000000,223.52000000,1269.86538000,2020-02-07 23:59:59.999,279469.83360990,3820,773.46641000,170214.87351170,0
2020-02-08,223.53000000,227.74000000,213.67000000,223.44000000,911.28269000,2020-02-08 23:59:59.999,202106.41897870,2509,583.69707000,129904.12418230,0
2020-02-09,223.69000000,230.74000000,223.35000000,228.16000000,552.12199000,2020-02-09 23:59:59.999,125592.82342970,1543,289.73222000,65929.04070650,0
2020-02-10,229.09000000,229.22000000,216.68000000,223.30000000,367.23964000,2020-02-10 23:59:59.999,81838.09805440,1120,159.56650000,35704.82321980,0
2020-02-11,223.03000000,238.68000000,218.42000000,237.19000000,894.37749000,2020-02-11 23:59:59.999,203872.59034020,2163,321.82527000,73449.63928770,0
2020-02-12,237.03000000,275.26000000,237.03000000,265.53000000,1558.62421000,2020-02-12 23:59:59.999,401234.77847800,2859,843.24134000,217867.69469410,0
2020-02-13,265.55000000,278.15000000,257.21000000,268.96000000,2820.67236000,2020-02-13 23:59:59.999,759641.81348980,5125,1031.13711000,277262.31930990,0
2020-02-14,268.96000000,287.20000000,260.85000000,285.68000000,1068.37350000,2020-02-14 23:59:59.999,294934.17875060,2185,509.74019000,140749.49135270,0
2020-02-15,285.70000000,288.41000000,262.24000000,265.05000000,2263.09522000,2020-02-15 23:59:59.999,621514.20975220,5215,1341.99905000,367745.85508570,0
2020-02-16,264.84000000,273.58000000,237.53000000,259.15000000,2904.47391000,2020-02-16 23:59:59.999,740798.20240220,5730,2064.74197000,526107.94287820,0
2020-02-17,259.06000000,269.61000000,242.44000000,267.94000000,2220.66277000,2020-02-17 23:59:59.999,569056.64312940,4744,1050.28777000,267169.16153380,0
2020-02-18,268.39000000,285.69000000,259.21000000,282.08000000,2072.07273000,2020-02-18 23:59:59.999,570363.48424960,7636,1091.45715000,298531.93287540,0
2020-02-19,282.93000000,286.86000000,251.84000000,258.80000000,2751.43928000,2020-02-19 23:59:59.999,752783.36815380,5161,1254.13758000,342521.02630970,0
2020-02-20,257.85000000,264.13000000,246.04000000,257.81000000,2939.15436000,2020-02-20 23:59:59.999,756334.35127820,3448,2121.33834000,546493.14796570,0
2020-02-21,257.00000000,267.98000000,254.22000000,266.54000000,669.49191000,2020-02-21 23:59:59.999,175209.37157850,830,486.69312000,127504.63604820,0
2020-02-22,264.44000000,266.67000000,256.36000000,261.81000000,460.38273000,2020-02-22 23:59:59.999,120352.58328400,352,193.49579000,50553.08023620,0
2020-02-23,262.04000000,275.26000000,261.11000000,274.94000000,996.07438000,2020-02-23 23:59:59.999,269552.48260740,851,313.86619000,84838.48571190,0
2020-02-24,274.94000000,276.98000000,257.50000000,265.83000000,1533.77477000,2020-02-24 23:59:59.999,406861.45161310,1804,1054.49629000,279547.00631200,0
2020-02-25,265.92000000,266.20000000,244.64000000,246.36000000,1022.81352000,2020-02-25 23:59:59.999,260548.03741540,1410,590.33513000,150260.26156950,0
2020-02-26,247.49000000,249.72000000,215.95000000,223.91000000,2046.43004000,2020-02-26 23:59:59.999,471723.93084080,2495,992.65278000,229367.10362920,0
2020-02-27,223.28000000,238.21000000,210.07000000,227.26000000,3034.41462000,2020-02-27 23:59:59.999,683512.96744290,3610,1580.69018000,355370.48513190,0
2020-02-28,227.80000000,234.76000000,214.33000000,226.66000000,1914.29499000,2020-02-28 23:59:59.999,431761.34853160,2284,775.02275000,174948.56025850,0
2020-02-29,228.68000000,232.92000000,216.95000000,216.95000000,605.28554000,2020-02-29 23:59:59.999,136749.22501610,1232,346.88486000,78558.55243230,0
2020-03-01,218.92000000,226.54000000,212.89000000,218.00000000,847.41527000,2020-03-01 23:59:59.999,186273.00550780,742,426.89194000,93652.39817670,0
2020-03-02,218.00000000,234.25000000,216.31000000,231.49000000,1319.55097000,2020-03-02 23:59:59.999,294241.31818510,1454,850.06953000,188686.81446860,0
2020-03-03,232.03000000,232.14000000,220.15000000,223.78000000,1171.48179000,2020-03-03 23:59:59.999,265518.11479240,1749,394.59510000,89133.54704070,0
2020-03-04,223.77000000,228.58000000,220.35000000,224.21000000,1239.38930000,2020-03-04 23:59:59.999,277804.93112990,1906,364.81749000,81940.86346440,0
2020-03-05,224.51000000,233.88000000,224.37000000,228.60000000,2466.55249000,2020-03-05 23:59:59.999,567967.68782600,3032,642.07957000,146630.27655590,0
2020-03-06,228.05000000,245.30000000,227.71000000,245.30000000,2517.88507000,2020-03-06 23:59:59.999,587941.37631500,1754,1164.77383000,269003.38358790,0
2020-03-07,246.46000000,251.78000000,236.42000000,236.79000000,996.42580000,2020-03-07 23:59:59.999,242175.89983440,997,345.72380000,83855.27265780,0
2020-03-08,236.59000000,236.65000000,195.81000000,199.00000000,3861.77435000,2020-03-08 23:59:59.999,840160.95899940,3197,1941.74020000,427669.39758530,0
2020-03-09,199.81000000,208.28000000,190.05000000,202.94000000,2625.20342000,2020-03-09 23:59:59.999,528697.40006590,2071,1348.04600000,271147.88076680,0
2020-03-10,203.69000000,205.92000000,196.00000000,200.44000000,846.97272000,2020-03-10 23:59:59.999,170213.71457530,898,412.41955000,82835.09207270,0
2020-03-11,200.62000000,202.69000000,181.80000000,194.49000000,1650.75888000,2020-03-11 23:59:59.999,314506.19486570,1307,942.17584000,178919.41312180,0
2020-03-12,195.12000000,250.00000000,101.00000000,108.65000000,13000.77513000,2020-03-12 23:59:59.999,1774546.45207460,5983,5881.56242000,797127.71505380,0
2020-03-13,107.87000000,139.70000000,64.39000000,133.27000000,19549.31514000,2020-03-13 23:59:59.999,2292557.63162490,7104,8793.30551000,1028730.36427240,0
2020-03-14,134.27000000,134.63000000,121.41000000,122.30000000,1764.13337000,2020-03-14 23:59:59.999,223718.59123540,414,804.49070000,102409.97204680,0
2020-03-15,122.59000000,133.41000000,120.64000000,123.70000000,2463.03128000,2020-03-15 23:59:59.999,311753.92283730,605,1159.69373000,147236.77843120,0
2020-03-16,123.21000000,123.83000000,101.95000000,110.40000000,5198.22665000,2020-03-16 23:59:59.999,575330.68407230,948,2385.57850000,260518.55971470,0
2020-03-17,111.66000000,120.58000000,109.23000000,116.17000000,1513.23269000,2020-03-17 23:59:59.999,176634.35225780,297,599.43735000,69674.79819040,0
2020-03-18,115.30000000,118.20000000,110.47000000,117.95000000,895.99068000,2020-03-18 23:59:59.999,102705.76099450,354,265.89258000,30679.15953780,0
2020-03-19,119.13000000,142.71000000,115.98000000,136.75000000,1864.62545000,2020-03-19 23:59:59.999,240593.99286900,573,650.51342000,82116.53853110,0
2020-03-20,137.02000000,152.03000000,117.44000000,132.80000000,4890.83845000,2020-03-20 23:59:59.999,671842.48876010,1649,2191.92892000,303056.33202780,0
2020-03-21,132.33000000,137.21000000,126.15000000,132.40000000,3332.07633000,2020-03-21 23:59:59.999,441013.72282190,783,1216.76969000,161105.95119390,0
2020-03-22,131.78000000,136.41000000,121.43000000,122.34000000,3354.95937000,2020-03-22 23:59:59.999,430329.20502670,1068,1166.96149000,150333.16765800,0
2020-03-23,121.69000000,136.15000000,119.41000000,135.97000000,2349.19963000,2020-03-23 23:59:59.999,299033.63228680,673,850.67375000,108674.42432880,0
2020-03-24,136.22000000,142.84000000,132.62000000,138.67000000,1431.65673000,2020-03-24 23:59:59.999,196094.46153680,474,507.19685000,69281.32724620,0
2020-03-25,137.76000000,142.18000000,132.70000000,136.27000000,785.72493000,2020-03-25 23:59:59.999,107392.85943750,280,294.94994000,40260.99869830,0
2020-03-26,136.37000000,139.51000000,133.87000000,138.36000000,1073.85174000,2020-03-26 23:59:59.999,145815.16679480,230,364.38485000,49504.74540630,0
2020-03-27,138.73000000,140.82000000,130.17000000,131.21000000,2572.57565000,2020-03-27 23:59:59.999,355155.79661370,975,346.62056000,46847.14320830,0
2020-03-28,131.20000000,132.30000000,125.08000000,131.03000000,3006.63862000,2020-03-28 23:59:59.999,387391.54579580,1184,2135.55376000,275099.96836650,0
2020-03-29,131.03000000,131.58000000,124.11000000,124.50000000,1102.66091000,2020-03-29 23:59:59.999,139630.12133530,308,324.31674000,41301.08236880,0
2020-03-30,124.28000000,135.08000000,124.28000000,132.05000000,1205.00498000,2020-03-30 23:59:59.999,159091.82856120,400,514.64130000,67828.22859630,0
2020-03-31,132.05000000,134.74000000,130.49000000,132.85000000,3971.60144000,2020-03-31 23:59:59.999,526357.75217130,462,2011.14771000,266148.44143720,0
2020-04-01,132.85000000,136.70000000,128.71000000,135.67000000,4316.23326000,2020-04-01 23:59:59.999,572661.51987250,557,1951.43119000,258095.74079190,0
2020-04-02,135.94000000,149.51000000,135.22000000,140.59000000,4724.36269000,2020-04-02 23:59:59.999,663975.32287630,952,1452.19060000,206122.04992540,0
2020-04-03,141.58000000,146.49000000,138.05000000,141.30000000,1215.91770000,2020-04-03 23:59:59.999,173771.40341230,576,469.42320000,66978.38645810,0
2020-04-04,141.26000000,146.04000000,139.00000000,144.29000000,1055.17550000,2020-04-04 23:59:59.999,150654.14372580,526,474.66440000,67785.38389170,0
2020-04-05,144.29000000,145.26000000,140.96000000,143.02000000,878.41559000,2020-04-05 23:59:59.999,125969.05585970,334,270.86724000,38722.79991030,0
2020-04-06,143.01000000,170.24000000,143.01000000,170.24000000,2645.27634000,2020-04-06 23:59:59.999,419763.38674700,1226,1184.56116000,187089.15193210,0
2020-04-07,170.62000000,176.17000000,162.14000000,164.68000000,2523.59539000,2020-04-07 23:59:59.999,428848.58448360,1341,1081.87273000,183618.16015060,0
2020-04-08,164.68000000,173.46000000,163.72000000,172.86000000,2052.51745000,2020-04-08 23:59:59.999,350232.55452540,798,1037.91894000,177442.77733760,0
2020-04-09,171.86000000,173.10000000,165.56000000,170.21000000,1649.83831000,2020-04-09 23:59:59.999,280709.34646720,1005,713.20640000,121260.59301230,0
2020-04-10,169.20000000,169.88000000,152.26000000,157.40000000,4586.25262000,2020-04-10 23:59:59.999,728638.66975540,1838,2416.60639000,382275.18531100,0
2020-04-11,157.84000000,162.00000000,154.18000000,158.41000000,1024.98512000,2020-04-11 23:59:59.999,162559.02980610,709,376.89360000,59716.58861020,0
2020-04-12,158.65000000,164.88000000,155.20000000,158.72000000,1838.31293000,2020-04-12 23:59:59.999,297578.56419190,1118,681.31159000,110226.69202680,0
2020-04-13,158.61000000,158.61000000,149.44000000,156.47000000,2020.94931000,2020-04-13 23:59:59.999,309640.82698270,1020,688.03662000,106002.96846860,0
2020-04-14,156.66000000,162.14000000,155.55000000,157.50000000,1109.74947000,2020-04-14 23:59:59.999,176580.19760170,668,419.00045000,66817.21787630,0
2020-04-15,157.52000000,161.25000000,152.17000000,153.14000000,744.34660000,2020-04-15 23:59:59.999,116910.13996600,563,240.98493000,37898.52983110,0
2020-04-16,152.75000000,174.79000000,148.69000000,171.50000000,5130.15112000,2020-04-16 23:59:59.999,860039.21229570,2418,1518.52842000,254692.46759100,0
2020-04-17,172.94000000,174.51000000,168.71000000,171.06000000,1052.19269000,2020-04-17 23:59:59.999,179700.60008040,645,447.00785000,76407.95447670,0
2020-04-18,171.36000000,189.26000000,171.22000000,187.51000000,2547.49031000,2020-04-18 23:59:59.999,460286.16402930,1693,1459.06895000,263680.91931360,0
2020-04-19,188.00000000,188.04000000,176.21000000,179.73000000,1590.45702000,2020-04-19 23:59:59.999,289385.93300180,1315,630.73545000,114938.13752670,0
2020-04-20,180.06000000,186.28000000,167.00000000,170.50000000,3312.88087000,2020-04-20 23:59:59.999,569417.47787930,1387,2040.92285000,347573.08495440,0
2020-04-21,170.67000000,174.36000000,168.35000000,170.51000000,874.00846000,2020-04-21 23:59:59.999,150076.75241920,709,418.25216000,71761.04405670,0
2020-04-22,170.50000000,184.06000000,170.08000000,182.84000000,3254.75538000,2020-04-22 23:59:59.999,587873.24673500,2033,1029.72711000,184544.35142740,0
2020-04-23,183.09000000,193.55000000,178.41000000,184.89000000,3766.24905000,2020-04-23 23:59:59.999,703128.09977230,2043,1260.35538000,234492.28537030,0
2020-04-24,185.98000000,189.67000000,185.50000000,187.45000000,800.06315000,2020-04-24 23:59:59.999,150162.58326280,766,237.36803000,44606.20225730,0
2020-04-25,187.34000000,198.09000000,186.03000000,194.23000000,1540.24789000,2020-04-25 23:59:59.999,297581.96673140,1095,657.69207000,127102.16514980,0
2020-04-26,194.12000000,199.67000000,192.30000000,197.09000000,909.58284000,2020-04-26 23:59:59.999,178133.52252650,728,345.00841000,67705.91041920,0
2020-04-27,197.66000000,198.99000000,189.85000000,196.16000000,1191.24271000,2020-04-27 23:59:59.999,231588.21516390,699,429.75524000,83441.37660040,0
2020-04-28,196.32000000,197.52000000,192.92000000,196.44000000,329.50845000,2020-04-28 23:59:59.999,64531.54429250,329,100.97042000,19745.58092960,0
2020-04-29,196.38000000,220.45000000,196.38000000,215.27000000,3171.23350000,2020-04-29 23:59:59.999,672863.77449400,1926,1263.72562000,268043.96190120,0
2020-04-30,215.13000000,227.21000000,202.28000000,205.46000000,3411.33240000,2020-04-30 23:59:59.999,737026.97541920,2111,1508.59251000,325973.32765100,0
2020-05-01,207.05000000,217.24000000,206.76000000,212.36000000,2089.70932000,2020-05-01 23:59:59.999,441646.43932600,1238,631.98508000,134109.97323430,0
2020-05-02,211.39000000,215.31000000,210.42000000,213.54000000,975.01221000,2020-05-02 23:59:59.999,207651.52922810,855,511.28870000,108733.69211620,0
2020-05-03,214.42000000,219.04000000,205.15000000,209.82000000,1083.14718000,2020-05-03 23:59:59.999,230332.91737290,868,404.99204000,86151.09150400,0
2020-05-04,209.73000000,210.29000000,195.20000000,206.65000000,2528.80188000,2020-05-04 23:59:59.999,505531.34975530,944,1821.82996000,362172.40988970,0
2020-05-05,206.64000000,210.88000000,201.33000000,204.80000000,609.30470000,2020-05-05 23:59:59.999,125926.17642070,452,328.34127000,67856.59825170,0
2020-05-06,205.58000000,210.76000000,198.61000000,198.88000000,3721.34678000,2020-05-06 23:59:59.999,771259.67928440,1873,1747.37013000,358225.06741030,0
2020-05-07,197.84000000,215.00000000,197.12000000,212.68000000,3039.68944000,2020-05-07 23:59:59.999,641292.40798630,2489,660.16683000,137563.18790500,0
2020-05-08,213.01000000,216.25000000,207.12000000,211.60000000,1747.73865000,2020-05-08 23:59:59.999,370843.59672210,1522,674.93403000,143288.12226770,0
2020-05-09,210.96000000,214.50000000,208.68000000,211.55000000,827.87601000,2020-05-09 23:59:59.999,176024.25215170,997,333.70897000,70970.10098050,0
2020-05-10,210.00000000,210.00000000,174.43000000,188.27000000,4717.04330000,2020-05-10 23:59:59.999,888261.17593790,3216,2871.20705000,536802.42795400,0
2020-05-11,188.38000000,193.50000000,175.76000000,186.42000000,1150.25111000,2020-05-11 23:59:59.999,214078.56760990,934,574.09414000,107099.90400400,0
2020-05-12,185.94000000,192.06000000,185.94000000,189.90000000,1059.28619000,2020-05-12 23:59:59.999,200721.77794300,622,581.89186000,110175.74071300,0
2020-05-13,190.00000000,201.19000000,188.72000000,199.12000000,1214.63292000,2020-05-13 23:59:59.999,236614.55127500,650,632.16053000,123158.87461870,0
2020-05-14,200.10000000,205.97000000,196.06000000,203.10000000,2679.64221000,2020-05-14 23:59:59.999,541702.72781470,1415,1175.45223000,237919.63362030,0
2020-05-15,203.48000000,204.15000000,191.20000000,194.23000000,1128.60577000,2020-05-15 23:59:59.999,223907.36248470,641,503.31205000,99760.94958250,0
2020-05-16,193.41000000,203.27000000,193.41000000,200.51000000,719.27945000,2020-05-16 23:59:59.999,144003.07896120,560,373.52937000,74868.47207420,0
2020-05-17,200.38000000,209.99000000,199.94000000,207.74000000,2852.56746000,2020-05-17 23:59:59.999,585296.67265040,1128,952.91608000,197281.87258150,0
2020-05-18,208.35000000,217.01000000,208.03000000,214.49000000,1650.34598000,2020-05-18 23:59:59.999,352335.74239010,906,868.33805000,185731.55541720,0
2020-05-19,214.17000000,215.82000000,209.49000000,214.51000000,690.97826000,2020-05-19 23:59:59.999,146896.76135530,472,268.82429000,57205.75775370,0
2020-05-20,214.46000000,215.60000000,205.96000000,210.00000000,1739.60470000,2020-05-20 23:59:59.999,365360.62037300,792,1386.10282000,291085.73851650,0
2020-05-21,210.00000000,211.50000000,191.84000000,198.52000000,1030.64306000,2020-05-21 23:59:59.999,208058.20053550,828,424.42906000,85868.26716300,0
2020-05-22,198.00000000,209.00000000,196.60000000,207.48000000,585.34662000,2020-05-22 23:59:59.999,119175.91578250,480,315.22009000,64348.64255890,0
2020-05-23,207.66000000,211.25000000,204.59000000,206.48000000,2884.78266000,2020-05-23 23:59:59.999,598525.65147200,1252,1480.92267000,304809.47440070,0
2020-05-24,206.68000000,210.63000000,199.58000000,199.59000000,3403.36951000,2020-05-24 23:59:59.999,701253.78558610,1474,1711.48349000,349087.61117300,0
2020-05-25,199.65000000,205.64000000,198.23000000,204.28000000,977.83222000,2020-05-25 23:59:59.999,198772.48309510,540,586.12751000,119256.86524990,0
2020-05-26,204.05000000,204.75000000,197.00000000,200.68000000,558.05296000,2020-05-26 23:59:59.999,112469.14527930,438,151.60777000,30545.24156450,0
2020-05-27,201.17000000,208.29000000,201.17000000,207.79000000,1871.23040000,2020-05-27 23:59:59.999,386182.55162850,955,453.01025000,92898.51802790,0
2020-05-28,208.03000000,220.40000000,204.85000000,219.85000000,1086.49771000,2020-05-28 23:59:59.999,230118.45025670,676,659.04194000,139426.48227720,0
2020-05-29,220.76000000,224.51000000,218.00000000,220.43000000,1327.91669000,2020-05-29 23:59:59.999,293300.80052080,780,579.05239000,128153.61704060,0
2020-05-30,220.43000000,246.85000000,218.99000000,243.53000000,3113.35864000,2020-05-30 23:59:59.999,735260.06634590,1743,1531.54405000,360690.65367830,0
2020-05-31,243.73000000,245.11000000,230.08000000,231.92000000,2243.54513000,2020-05-31 23:59:59.999,534143.92019040,1398,845.81601000,201978.56966230,0
2020-06-01,231.67000000,250.59000000,230.75000000,248.00000000,2143.07545000,2020-06-01 23:59:59.999,519347.06490470,1460,1164.44253000,282765.35033110,0
2020-06-02,248.50000000,253.47000000,226.00000000,237.91000000,3024.12501000,2020-06-02 23:59:59.999,735126.80775850,2261,1442.48513000,348815.75442110,0
2020-06-03,237.17000000,245.00000000,233.75000000,244.60000000,790.62301000,2020-06-03 23:59:59.999,188712.53175390,716,420.96491000,100804.52743030,0
2020-06-04,244.78000000,246.50000000,236.27000000,243.56000000,729.28735000,2020-06-04 23:59:59.999,176861.06993450,710,238.71025000,58052.58989970,0
2020-06-05,242.50000000,247.82000000,239.47000000,240.06000000,666.36568000,2020-06-05 23:59:59.999,161573.13242870,545,256.86225000,62389.11042700,0
2020-06-06,239.83000000,244.22000000,238.06000000,242.32000000,622.62104000,2020-06-06 23:59:59.999,150392.86435730,430,333.29237000,80622.96226690,0
2020-06-07,241.30000000,244.89000000,234.81000000,244.60000000,3692.93967000,2020-06-07 23:59:59.999,886219.38237650,1768,1787.96884000,425843.72417960,0
2020-06-08,244.92000000,247.46000000,241.16000000,246.75000000,784.66995000,2020-06-08 23:59:59.999,191256.51661110,528,299.43443000,73167.51090590,0
2020-06-09,246.97000000,249.48000000,237.96000000,243.81000000,948.75632000,2020-06-09 23:59:59.999,230618.27654200,623,436.77384000,106111.52313980,0
2020-06-10,243.57000000,250.20000000,241.57000000,247.74000000,1231.52079000,2020-06-10 23:59:59.999,301994.80952090,773,543.76009000,133560.75645300,0
2020-06-11,247.89000000,249.85000000,226.02000000,230.27000000,2590.25444000,2020-06-11 23:59:59.999,613908.53253090,1397,1645.91694000,388877.03374820,0
2020-06-12,230.10000000,238.76000000,229.00000000,237.30000000,1012.93367000,2020-06-12 23:59:59.999,238275.62516030,627,513.20104000,120644.77443090,0
2020-06-13,237.66000000,238.73000000,234.61000000,238.22000000,244.33193000,2020-06-13 23:59:59.999,57673.52445600,194,91.08235000,21564.79009570,0
2020-06-14,238.22000000,238.22000000,230.47000000,231.81000000,382.84740000,2020-06-14 23:59:59.999,89564.51004600,357,181.75778000,42500.97856150,0
2020-06-15,231.27000000,233.24000000,218.50000000,230.52000000,1033.00326000,2020-06-15 23:59:59.999,233387.34448310,805,572.16051000,129544.31509470,0
2020-06-16,230.78000000,235.95000000,228.87000000,234.91000000,481.28345000,2020-06-16 23:59:59.999,112194.12823610,385,164.78715000,38425.32354640,0
2020-06-17,234.86000000,236.74000000,228.77000000,234.18000000,659.47327000,2020-06-17 23:59:59.999,153653.63982640,546,281.31772000,65715.14696040,0
2020-06-18,233.89000000,234.48000000,227.91000000,231.52000000,388.38015000,2020-06-18 23:59:59.999,90281.48140990,305,160.14842000,37262.70668320,0
2020-06-19,231.22000000,231.90000000,226.47000000,228.79000000,471.00207000,2020-06-19 23:59:59.999,107785.73644840,324,231.53952000,53064.51342660,0
2020-06-20,229.12000000,230.47000000,225.72000000,228.97000000,708.07045000,2020-06-20 23:59:59.999,162008.40168000,439,408.21266000,93564.43367890,0
2020-06-21,229.43000000,231.62000000,227.36000000,227.76000000,424.95041000,2020-06-21 23:59:59.999,97591.38862830,294,142.11414000,32763.58228010,0
2020-06-22,227.54000000,246.51000000,227.54000000,243.10000000,2005.61285000,2020-06-22 23:59:59.999,475612.15495010,855,588.15427000,140716.74332290,0
2020-06-23,243.83000000,244.86000000,240.86000000,242.93000000,220.56782000,2020-06-23 23:59:59.999,53526.20750270,222,88.21620000,21450.58718900,0
2020-06-24,243.02000000,249.66000000,231.48000000,234.50000000,2150.20899000,2020-06-24 23:59:59.999,507428.51309890,1113,1569.77930000,368669.98839790,0
2020-06-25,234.57000000,235.29000000,227.71000000,232.46000000,585.73119000,2020-06-25 23:59:59.999,136178.86304480,398,292.08990000,67974.98894220,0
2020-06-26,232.16000000,233.41000000,227.80000000,230.27000000,701.54472000,2020-06-26 23:59:59.999,162244.23352160,408,377.40527000,87392.24747020,0
2020-06-27,229.14000000,231.31000000,215.72000000,220.89000000,595.85352000,2020-06-27 23:59:59.999,132423.06026980,339,111.96522000,25044.47347340,0
2020-06-28,219.81000000,227.91000000,218.39000000,224.89000000,426.55445000,2020-06-28 23:59:59.999,95466.00174820,370,259.48803000,58343.84913460,0
2020-06-29,224.73000000,229.93000000,221.37000000,227.88000000,584.19812000,2020-06-29 23:59:59.999,132270.29078740,380,308.01756000,70143.09726410,0
2020-06-30,228.70000000,228.76000000,223.12000000,225.98000000,268.71509000,2020-06-30 23:59:59.999,60792.15986880,291,117.86252000,26653.65703080,0
2020-07-01,225.51000000,232.38000000,224.19000000,231.06000000,1812.85132000,2020-07-01 23:59:59.999,419116.94303410,809,276.97070000,63460.46304320,0
2020-07-02,231.28000000,231.81000000,222.84000000,226.46000000,1862.23477000,2020-07-02 23:59:59.999,423527.25748670,1014,1455.31899000,331333.88087670,0
2020-07-03,226.06000000,228.23000000,224.45000000,225.21000000,384.68603000,2020-07-03 23:59:59.999,87185.41498750,321,183.24208000,41586.21155720,0
2020-07-04,224.60000000,230.47000000,224.59000000,228.59000000,326.49055000,2020-07-04 23:59:59.999,74295.57295690,248,179.59342000,40935.64743750,0
2020-07-05,229.19000000,229.86000000,223.31000000,228.06000000,2518.93379000,2020-07-05 23:59:59.999,573278.85990370,1135,1201.52492000,271771.95429780,0
2020-07-06,227.87000000,241.76000000,226.86000000,241.66000000,2060.61293000,2020-07-06 23:59:59.999,483385.36792920,1139,426.45392000,99981.21631350,0
2020-07-07,241.41000000,243.50000000,234.73000000,238.70000000,404.07060000,2020-07-07 23:59:59.999,96328.22948730,387,193.07034000,46047.38371360,0
2020-07-08,238.39000000,248.67000000,238.33000000,247.02000000,1097.46962000,2020-07-08 23:59:59.999,267206.76158690,899,510.37100000,124081.33753190,0
2020-07-09,246.80000000,247.58000000,237.00000000,241.89000000,633.62036000,2020-07-09 23:59:59.999,153391.17513950,473,267.71207000,64689.34616840,0
2020-07-10,241.00000000,241.64000000,236.46000000,241.13000000,1590.89892000,2020-07-10 23:59:59.999,379123.06651540,858,1361.84847000,324414.91519570,0
2020-07-11,241.28000000,242.10000000,237.69000000,239.09000000,782.35434000,2020-07-11 23:59:59.999,187275.50476200,428,455.18432000,108899.02829530,0
2020-07-12,239.83000000,243.83000000,236.59000000,242.50000000,691.31646000,2020-07-12 23:59:59.999,165689.72615240,503,451.25280000,107978.83582400,0
2020-07-13,242.92000000,245.16000000,237.56000000,239.54000000,3442.76824000,2020-07-13 23:59:59.999,830471.04378830,1519,1616.45192000,387007.05987630,0
2020-07-14,239.52000000,242.38000000,237.06000000,240.58000000,1769.79237000,2020-07-14 23:59:59.999,426702.80008480,1000,377.17494000,90658.14957720,0
2020-07-15,240.91000000,241.21000000,237.15000000,238.73000000,1822.08772000,2020-07-15 23:59:59.999,435827.99514120,817,1296.77249000,310119.59430020,0
2020-07-16,238.73000000,239.43000000,230.06000000,233.79000000,508.66848000,2020-07-16 23:59:59.999,118855.25040550,407,190.01435000,44321.41871760,0
2020-07-17,233.22000000,234.67000000,231.90000000,232.78000000,269.23890000,2020-07-17 23:59:59.999,62759.69028510,237,150.57309000,35117.73980640,0
2020-07-18,232.53000000,236.77000000,232.44000000,235.99000000,478.61053000,2020-07-18 23:59:59.999,112213.80369570,295,321.40421000,75311.75278310,0
2020-07-19,235.70000000,239.82000000,233.44000000,239.19000000,910.86238000,2020-07-19 23:59:59.999,214682.85099440,544,411.53786000,96983.24891900,0
2020-07-20,239.66000000,240.08000000,234.46000000,236.12000000,3077.73603000,2020-07-20 23:59:59.999,730973.02835160,1629,1339.81409000,316231.23529280,0
2020-07-21,235.77000000,246.69000000,234.40000000,245.68000000,1973.55113000,2020-07-21 23:59:59.999,477126.03185120,1110,539.34927000,130871.83054010,0
2020-07-22,245.60000000,269.35000000,242.00000000,263.55000000,1173.23675000,2020-07-22 23:59:59.999,299979.83279480,1002,586.90642000,150132.00732440,0
2020-07-23,264.45000000,279.55000000,259.54000000,275.59000000,4011.06966000,2020-07-23 23:59:59.999,1088396.05877430,2435,1533.59101000,414527.01017370,0
2020-07-24,275.59000000,287.48000000,268.05000000,279.72000000,2931.29608000,2020-07-24 23:59:59.999,820275.38961550,2445,1067.24162000,297334.34915010,0
2020-07-25,279.72000000,308.84000000,279.57000000,304.99000000,6184.31999000,2020-07-25 23:59:59.999,1825627.47326060,3708,2298.07843000,665878.07988270,0
2020-07-26,305.16000000,320.36000000,300.45000000,310.55000000,3936.30345000,2020-07-26 23:59:59.999,1223469.77629230,2842,1029.55680000,320097.52828190,0
2020-07-27,311.89000000,333.21000000,311.30000000,322.02000000,6751.33453000,2020-07-27 23:59:59.999,2184060.53234940,4729,2477.51856000,801498.80706700,0
2020-07-28,322.88000000,326.80000000,306.17000000,316.92000000,2867.11998000,2020-07-28 23:59:59.999,918866.04595180,2015,1139.05953000,364076.06534960,0
2020-07-29,317.39000000,324.70000000,313.02000000,317.60000000,1290.60915000,2020-07-29 23:59:59.999,412417.35529300,1106,667.69695000,213496.01992780,0
2020-07-30,317.80000000,341.75000000,314.46000000,334.84000000,2316.33989000,2020-07-30 23:59:59.999,768251.95149290,1647,966.93266000,319155.90364040,0
2020-07-31,335.35000000,349.71000000,328.85000000,346.66000000,2651.06143000,2020-07-31 23:59:59.999,907882.06808940,2523,1385.70863000,473904.29948780,0
2020-08-01,346.53000000,392.73000000,343.77000000,387.33000000,6978.57591000,2020-08-01 23:59:59.999,2567595.16541730,5625,3829.96303000,1417826.71426840,0
2020-08-02,388.08000000,415.93000000,305.47000000,371.92000000,5568.60054000,2020-08-02 23:59:59.999,2113968.19796430,4788,2890.58819000,1093339.56605380,0
2020-08-03,373.34000000,397.81000000,366.89000000,386.70000000,2360.33674000,2020-08-03 23:59:59.999,911428.02461080,1867,1213.69706000,467773.72868250,0
2020-08-04,385.85000000,403.15000000,380.95000000,389.30000000,1131.41125000,2020-08-04 23:59:59.999,443678.64319980,1674,564.81596000,221681.11839700,0
2020-08-05,390.62000000,407.16000000,385.00000000,400.79000000,2583.07573000,2020-08-05 23:59:59.999,1028785.94628780,2108,1057.52172000,421279.46166040,0
2020-08-06,400.31000000,403.54000000,390.97000000,394.55000000,1225.38586000,2020-08-06 23:59:59.999,485260.92205690,1110,570.98523000,226744.32114430,0
2020-08-07,394.98000000,398.40000000,376.81000000,379.55000000,899.08293000,2020-08-07 23:59:59.999,348259.95222570,1063,378.93304000,147077.88771780,0
2020-08-08,377.97000000,396.86000000,376.04000000,396.86000000,1731.44364000,2020-08-08 23:59:59.999,673407.17793670,1456,428.93550000,165055.90972030,0
2020-08-09,396.88000000,400.13000000,384.10000000,389.83000000,679.72267000,2020-08-09 23:59:59.999,266758.56702630,815,284.99734000,111724.10482320,0
2020-08-10,392.22000000,398.74000000,385.56000000,395.94000000,867.42087000,2020-08-10 23:59:59.999,342185.53318360,1047,415.03478000,164124.49789760,0
2020-08-11,396.63000000,398.74000000,367.20000000,379.13000000,2352.28492000,2020-08-11 23:59:59.999,902090.42221880,2435,1564.54565000,599516.59624940,0
2020-08-12,379.14000000,389.19000000,366.27000000,387.39000000,743.61324000,2020-08-12 23:59:59.999,284476.62653170,905,503.68768000,193136.85161490,0
2020-08-13,386.28000000,431.29000000,377.12000000,423.14000000,3306.49576000,2020-08-13 23:59:59.999,1329772.04542780,3143,1285.94947000,520216.80544620,0
2020-08-14,424.72000000,444.00000000,417.60000000,437.01000000,4990.10680000,2020-08-14 23:59:59.999,2135589.70601970,3938,2166.80612000,927859.68727950,0
2020-08-15,438.82000000,442.64000000,426.87000000,432.35000000,1186.93187000,2020-08-15 23:59:59.999,516008.04561530,1229,720.13504000,313031.43396290,0
2020-08-16,432.31000000,436.25000000,412.87000000,434.00000000,1203.74347000,2020-08-16 23:59:59.999,512961.18580530,1505,398.70218000,170485.00916760,0
2020-08-17,434.19000000,446.00000000,420.87000000,429.49000000,2702.62621000,2020-08-17 23:59:59.999,1172980.69551230,2225,1583.91590000,689734.97917150,0
2020-08-18,430.25000000,433.69000000,415.12000000,421.81000000,2368.35623000,2020-08-18 23:59:59.999,1003431.58064020,1989,1609.26622000,679385.59940960,0
2020-08-19,422.13000000,426.00000000,393.65000000,407.44000000,1282.33803000,2020-08-19 23:59:59.999,522391.50669770,1320,613.64626000,250003.54929420,0
2020-08-20,408.85000000,419.06000000,402.16000000,415.72000000,708.82479000,2020-08-20 23:59:59.999,291975.93762490,792,399.57787000,164707.60957960,0
2020-08-21,415.86000000,418.63000000,385.07000000,386.69000000,1633.06599000,2020-08-21 23:59:59.999,656178.62386390,1384,499.28974000,200887.64431180,0
2020-08-22,386.90000000,396.75000000,380.08000000,395.85000000,893.13687000,2020-08-22 23:59:59.999,347804.23355210,1011,525.15051000,204734.52864780,0
2020-08-23,395.87000000,396.78000000,383.84000000,390.70000000,688.27216000,2020-08-23 23:59:59.999,269100.89251910,642,376.46966000,147381.79446130,0
2020-08-24,391.29000000,409.95000000,387.58000000,408.47000000,795.61412000,2020-08-24 23:59:59.999,317861.03290770,894,384.74536000,153621.08767480,0
2020-08-25,407.72000000,408.53000000,370.10000000,383.84000000,1424.60361000,2020-08-25 23:59:59.999,545456.87218030,1259,647.98071000,247478.80076560,0
2020-08-26,382.61000000,392.88000000,377.62000000,385.74000000,1718.15262000,2020-08-26 23:59:59.999,660627.47940250,1078,1015.23439000,390226.03871910,0
2020-08-27,385.35000000,396.89000000,371.85000000,382.87000000,1178.85024000,2020-08-27 23:59:59.999,451345.17798300,1123,457.42718000,175593.55679830,0
2020-08-28,383.39000000,397.96000000,380.31000000,394.95000000,589.93015000,2020-08-28 23:59:59.999,231176.44261750,568,394.80672000,154860.28678030,0
2020-08-29,395.43000000,405.53000000,392.23000000,399.09000000,1830.32077000,2020-08-29 23:59:59.999,735130.25965050,993,438.33269000,175728.77586220,0
2020-08-30,398.74000000,429.58000000,398.20000000,429.02000000,908.72403000,2020-08-30 23:59:59.999,375734.76314710,1021,428.69793000,177436.29731300,0
2020-08-31,429.59000000,438.72000000,418.34000000,433.95000000,1972.48193000,2020-08-31 23:59:59.999,853772.68541810,1470,871.02711000,377893.57282950,0
2020-09-01,434.26000000,488.48000000,429.59000000,475.24000000,1771.07488000,2020-09-01 23:59:59.999,824939.22829310,2098,883.63340000,410293.94315920,0
2020-09-02,475.19000000,481.11000000,419.61000000,439.61000000,4956.50396000,2020-09-02 23:59:59.999,2194130.89492620,4182,2790.62956000,1228154.21821490,0
2020-09-03,439.81000000,450.50000000,371.83000000,382.02000000,5445.94555000,2020-09-03 23:59:59.999,2220267.38286800,5659,2373.54431000,978019.73318610,0
2020-09-04,382.02000000,399.67000000,359.01000000,385.61000000,3952.47537000,2020-09-04 23:59:59.999,1526975.42874660,3594,2408.94953000,932650.17049540,0
2020-09-05,385.61000000,394.98000000,310.00000000,335.06000000,7721.91303000,2020-09-05 23:59:59.999,2643167.26546920,7094,4275.17006000,1461679.32959820,0
2020-09-06,335.47000000,359.80000000,317.07000000,352.88000000,4561.85353000,2020-09-06 23:59:59.999,1562821.27598840,4598,2187.78440000,747151.49361670,0
2020-09-07,352.14000000,358.16000000,323.55000000,353.60000000,3877.33263000,2020-09-07 23:59:59.999,1336581.09762530,3814,1741.72129000,597414.40997830,0
2020-09-08,353.90000000,356.43000000,325.56000000,336.93000000,2558.55917000,2020-09-08 23:59:59.999,864439.37015430,2504,1089.99822000,369121.05134510,0
2020-09-09,336.89000000,358.32000000,330.83000000,350.87000000,1703.88572000,2020-09-09 23:59:59.999,598507.15666880,1453,554.52503000,193077.36375390,0
2020-09-10,350.55000000,377.00000000,350.35000000,367.49000000,3651.21752000,2020-09-10 23:59:59.999,1336802.24955420,2609,2034.82757000,741587.13676910,0
2020-09-11,367.66000000,374.92000000,355.77000000,373.82000000,1474.33940000,2020-09-11 23:59:59.999,542899.22274560,1105,950.24130000,350278.24182610,0
2020-09-12,374.30000000,388.11000000,365.50000000,388.11000000,1956.16023000,2020-09-12 23:59:59.999,743683.55771270,1220,340.59272000,127976.21921510,0
2020-09-13,387.85000000,390.03000000,352.68000000,365.90000000,4445.66702000,2020-09-13 23:59:59.999,1621527.86996340,2315,2163.54265000,780066.47661900,0
2020-09-14,365.01000000,384.46000000,355.96000000,376.41000000,2022.33147000,2020-09-14 23:59:59.999,751552.44551020,1423,1425.75148000,530663.06037330,0
2020-09-15,377.48000000,381.95000000,362.63000000,364.20000000,1272.64003000,2020-09-15 23:59:59.999,471342.57112940,1088,341.19303000,126675.94901140,0
2020-09-16,363.75000000,372.46000000,355.31000000,365.23000000,624.37191000,2020-09-16 23:59:59.999,227806.89802410,798,315.99370000,115589.11414460,0
2020-09-17,364.58000000,394.14000000,363.70000000,388.39000000,3179.10840000,2020-09-17 23:59:59.999,1216414.26049400,2218,767.33075000,293093.35992650,0
2020-09-18,389.44000000,392.37000000,375.71000000,383.44000000,1012.25839000,2020-09-18 23:59:59.999,387748.76648960,772,348.09458000,133277.24596880,0
2020-09-19,384.19000000,387.95000000,376.93000000,385.52000000,458.38101000,2020-09-19 23:59:59.999,175405.30003530,499,259.90008000,99510.37693100,0
2020-09-20,385.26000000,385.26000000,364.95000000,371.08000000,1685.58119000,2020-09-20 23:59:59.999,623324.75892920,978,1357.41662000,500525.20071440,0
2020-09-21,370.29000000,376.49000000,330.92000000,340.01000000,1448.53818000,2020-09-21 23:59:59.999,507345.17880720,1240,642.98142000,226328.20029050,0
2020-09-22,340.88000000,347.13000000,335.97000000,343.97000000,935.34409000,2020-09-22 23:59:59.999,319338.21277490,673,286.73501000,98082.08767920,0
2020-09-23,344.32000000,344.43000000,313.61000000,320.59000000,1609.69018000,2020-09-23 23:59:59.999,529543.04092080,1092,940.81303000,309154.66172630,0
2020-09-24,320.59000000,353.20000000,316.91000000,348.62000000,1220.78228000,2020-09-24 23:59:59.999,413531.75741940,1079,643.21948000,218095.17453460,0
2020-09-25,348.75000000,357.94000000,337.60000000,351.04000000,1125.84634000,2020-09-25 23:59:59.999,391524.41498110,874,717.89524000,250741.94320060,0
2020-09-26,351.46000000,356.16000000,346.15000000,353.69000000,687.84869000,2020-09-26 23:59:59.999,242261.04295050,336,328.49151000,116012.76643440,0
2020-09-27,354.35000000,362.08000000,347.93000000,357.85000000,598.83068000,2020-09-27 23:59:59.999,212962.77213460,362,283.63539000,101382.44591260,0
2020-09-28,358.11000000,368.18000000,352.45000000,354.05000000,1770.87240000,2020-09-28 23:59:59.999,636528.49397750,892,411.39693000,148557.80228430,0
2020-09-29,353.21000000,360.52000000,350.51000000,359.28000000,1597.26725000,2020-09-29 23:59:59.999,564453.56787840,676,1339.98261000,473022.86738570,0
2020-09-30,359.73000000,361.52000000,352.08000000,359.77000000,409.26025000,2020-09-30 23:59:59.999,145920.29104630,348,198.91392000,71059.00620500,0
2020-10-01,359.77000000,368.92000000,345.86000000,352.53000000,2861.51900000,2020-10-01 23:59:59.999,1022456.29490350,1499,1338.67994000,471842.31813840,0
2020-10-02,352.02000000,353.88000000,334.61000000,345.38000000,832.31268000,2020-10-02 23:59:59.999,285555.72788160,731,366.33433000,126280.72115470,0
2020-10-03,344.87000000,350.64000000,343.85000000,345.84000000,378.33076000,2020-10-03 23:59:59.999,131554.92486500,328,183.83360000,63907.90679320,0
2020-10-04,345.14000000,353.98000000,344.10000000,352.64000000,698.15925000,2020-10-04 23:59:59.999,244678.73321650,430,288.87739000,101159.87796300,0
2020-10-05,353.52000000,355.81000000,349.00000000,353.41000000,323.62212000,2020-10-05 23:59:59.999,114012.73216010,455,171.89281000,60645.61508220,0
2020-10-06,354.00000000,354.93000000,337.10000000,340.24000000,2574.73862000,2020-10-06 23:59:59.999,903183.72318100,1423,1275.01145000,446127.98155050,0
2020-10-07,340.56000000,342.58000000,333.51000000,341.21000000,500.93076000,2020-10-07 23:59:59.999,169437.83643960,518,279.40672000,94592.10376880,0
2020-10-08,341.78000000,353.11000000,334.42000000,350.84000000,1879.22431000,2020-10-08 23:59:59.999,655744.83144430,1032,298.47027000,103148.04133390,0
2020-10-09,350.71000000,368.15000000,347.50000000,365.87000000,621.66190000,2020-10-09 23:59:59.999,221307.64469800,556,308.12882000,109968.70890850,0
2020-10-10,365.21000000,378.13000000,364.39000000,370.24000000,1075.27541000,2020-10-10 23:59:59.999,400934.83984070,595,582.21637000,217285.93989650,0
2020-10-11,370.81000000,377.43000000,369.00000000,373.28000000,494.56300000,2020-10-11 23:59:59.999,184466.61608860,320,264.63416000,98677.27532840,0
2020-10-12,373.86000000,394.41000000,366.03000000,386.62000000,1073.40111000,2020-10-12 23:59:59.999,411071.87800660,801,420.79320000,161491.07789370,0
2020-10-13,386.66000000,387.45000000,374.98000000,380.86000000,772.50366000,2020-10-13 23:59:59.999,294082.53616270,573,374.93879000,142772.04483890,0
2020-10-14,381.25000000,387.14000000,373.67000000,379.45000000,1276.36779000,2020-10-14 23:59:59.999,480055.02997970,731,1089.36835000,409396.06597260,0
2020-10-15,378.73000000,380.91000000,370.01000000,376.86000000,709.99084000,2020-10-15 23:59:59.999,267144.08946230,622,409.15523000,153946.33098660,0
2020-10-16,377.48000000,380.01000000,360.84000000,365.27000000,2693.94458000,2020-10-16 23:59:59.999,1000109.94953460,1592,1319.84644000,483020.59159110,0
2020-10-17,365.45000000,370.00000000,363.55000000,368.66000000,379.08219000,2020-10-17 23:59:59.999,139432.17910290,248,220.11854000,81020.88067210,0
2020-10-18,367.96000000,378.55000000,367.40000000,378.55000000,1312.27231000,2020-10-18 23:59:59.999,491968.50221220,728,218.94186000,81940.72092340,0
2020-10-19,378.60000000,383.82000000,373.23000000,379.05000000,549.16663000,2020-10-19 23:59:59.999,208223.87016030,338,310.19490000,117964.74557930,0
2020-10-20,378.37000000,380.43000000,365.87000000,368.27000000,1605.45805000,2020-10-20 23:59:59.999,594342.70265080,766,1233.93388000,456595.29095390,0
2020-10-21,368.70000000,400.80000000,367.88000000,391.34000000,2774.94396000,2020-10-21 23:59:59.999,1070515.13411150,1851,851.52351000,330583.16732480,0
2020-10-22,391.83000000,420.25000000,391.76000000,414.29000000,1193.68268000,2020-10-22 23:59:59.999,486075.35107460,1139,515.57163000,209695.68531090,0
2020-10-23,412.19000000,419.37000000,401.80000000,408.13000000,780.81410000,2020-10-23 23:59:59.999,321845.27734660,609,276.67217000,114322.64449040,0
2020-10-24,409.55000000,416.24000000,407.51000000,412.17000000,457.11073000,2020-10-24 23:59:59.999,188089.71677750,460,220.49833000,90957.41019860,0
2020-10-25,411.77000000,417.17000000,402.00000000,405.98000000,716.34889000,2020-10-25 23:59:59.999,292432.92684110,535,319.38139000,130766.90512710,0
2020-10-26,405.78000000,411.15000000,382.62000000,393.39000000,1770.98367000,2020-10-26 23:59:59.999,710851.04752930,1187,1323.69845000,532596.65436010,0
2020-10-27,392.46000000,409.91000000,390.59000000,403.30000000,1432.91187000,2020-10-27 23:59:59.999,579235.56931240,848,327.60469000,131847.48619670,0
2020-10-28,403.04000000,408.98000000,380.85000000,388.68000000,1824.47781000,2020-10-28 23:59:59.999,718589.99130640,1040,1161.40296000,457552.02350320,0
2020-10-29,388.00000000,393.48000000,380.62000000,386.81000000,629.31635000,2020-10-29 23:59:59.999,244885.42923050,414,440.60544000,171672.25487050,0
2020-10-30,387.42000000,391.65000000,373.60000000,383.32000000,1543.29431000,2020-10-30 23:59:59.999,588580.11771380,935,886.21336000,337817.35643630,0
2020-10-31,382.43000000,393.84000000,380.47000000,386.80000000,2025.81770000,2020-10-31 23:59:59.999,785772.85563230,1144,1097.87339000,425968.40211390,0
2020-11-01,385.07000000,397.45000000,385.00000000,396.09000000,1387.71897000,2020-11-01 23:59:59.999,541665.18300640,808,649.85752000,253592.53870950,0
2020-11-02,396.85000000,404.04000000,377.97000000,383.01000000,4062.81574000,2020-11-02 23:59:59.999,1585718.77395610,2030,1929.93271000,746433.10260340,0
2020-11-03,382.86000000,390.10000000,370.40000000,387.90000000,1991.65008000,2020-11-03 23:59:59.999,756476.59869390,1373,688.32336000,261148.09970060,0
2020-11-04,387.94000000,408.39000000,376.96000000,402.07000000,3841.35488000,2020-11-04 23:59:59.999,1522039.89837450,2482,1258.04644000,496370.57056080,0
2020-11-05,402.54000000,420.38000000,397.05000000,416.20000000,3836.93510000,2020-11-05 23:59:59.999,1571045.92672950,2927,1121.17648000,458794.00531320,0
2020-11-06,417.12000000,457.79000000,414.95000000,455.89000000,3440.99544000,2020-11-06 23:59:59.999,1502046.85934570,3032,1414.96193000,616807.55793750,0
2020-11-07,455.33000000,468.09000000,425.42000000,435.13000000,2279.09747000,2020-11-07 23:59:59.999,1014773.41345550,2364,1019.86545000,455253.35294070,0
2020-11-08,434.84000000,459.17000000,432.24000000,454.80000000,807.50287000,2020-11-08 23:59:59.999,362361.38541130,903,312.08541000,140090.68870440,0
2020-11-09,454.48000000,458.92000000,433.73000000,445.33000000,1483.95299000,2020-11-09 23:59:59.999,662178.15458680,1466,581.30482000,259602.42314000,0
2020-11-10,444.54000000,454.81000000,439.14000000,450.18000000,809.92712000,2020-11-10 23:59:59.999,362925.31418340,864,408.25379000,182999.88661530,0
2020-11-11,450.83000000,475.71000000,450.21000000,463.44000000,1314.46958000,2020-11-11 23:59:59.999,611825.06788270,1471,620.37678000,288150.72719150,0
2020-11-12,463.24000000,469.66000000,452.22000000,462.22000000,1177.91799000,2020-11-12 23:59:59.999,541085.69940090,1214,599.99709000,275525.93240610,0
2020-11-13,462.81000000,477.83000000,457.18000000,476.92000000,1321.20974000,2020-11-13 23:59:59.999,615821.33752960,1175,632.62595000,295212.67911540,0
2020-11-14,476.93000000,476.93000000,452.73000000,462.00000000,613.61147000,2020-11-14 23:59:59.999,284252.82721780,856,248.54669000,115234.59023650,0
2020-11-15,460.57000000,462.68000000,27.00000000,448.15000000,3205.95039000,2020-11-15 23:59:59.999,1392645.35966970,1710,1345.53834000,598911.20333620,0
2020-11-16,447.50000000,465.72000000,445.93000000,461.09000000,1447.64534000,2020-11-16 23:59:59.999,665797.97260620,1144,478.61940000,218979.87172860,0
2020-11-17,461.74000000,484.72000000,461.74000000,482.23000000,1771.11724000,2020-11-17 23:59:59.999,839653.16702840,1738,745.24150000,353361.24661360,0
2020-11-18,483.64000000,497.26000000,458.01000000,478.91000000,3710.66599000,2020-11-18 23:59:59.999,1773891.57362660,3324,2133.50691000,1023933.65279680,0
2020-11-19,478.63000000,480.50000000,465.22000000,470.99000000,865.91071000,2020-11-19 23:59:59.999,410627.47234540,971,331.57393000,157090.91521300,0
2020-11-20,471.19000000,513.88000000,470.81000000,510.00000000,2325.41459000,2020-11-20 23:59:59.999,1154484.90538780,2370,1154.34545000,573080.17552530,0
2020-11-21,510.37000000,553.07000000,503.26000000,552.21000000,2971.51747000,2020-11-21 23:59:59.999,1573235.38630890,3203,1450.90753000,770685.99327650,0
2020-11-22,552.99000000,580.54000000,511.98000000,560.19000000,4394.34675000,2020-11-22 23:59:59.999,2408872.50168230,4872,2070.28364000,1132232.71799770,0
2020-11-23,561.37000000,610.51000000,550.44000000,609.36000000,4022.34421000,2020-11-23 23:59:59.999,2360484.56696360,4866,1915.97217000,1121609.12020540,0
2020-11-24,609.12000000,622.17000000,588.76000000,604.70000000,4537.17322000,2020-11-24 23:59:59.999,2763255.93949570,4337,2009.64676000,1226029.84771740,0
2020-11-25,605.79000000,605.85000000,554.35000000,570.96000000,2583.36659000,2020-11-25 23:59:59.999,1505038.96365080,2766,1376.03340000,799602.49982380,0
2020-11-26,569.04000000,576.54000000,482.46000000,518.28000000,9632.47989000,2020-11-26 23:59:59.999,4942536.97786220,10491,5295.54504000,2721020.14405070,0
2020-11-27,520.00000000,530.60000000,494.25000000,517.96000000,2644.48429000,2020-11-27 23:59:59.999,1357024.57168640,3650,1245.29329000,639187.74529250,0
2020-11-28,518.47000000,547.77000000,506.90000000,537.60000000,1923.95644000,2020-11-28 23:59:59.999,1022238.57882240,2354,998.52641000,530129.29282640,0
2020-11-29,537.47000000,576.74000000,530.93000000,575.84000000,2369.91522000,2020-11-29 23:59:59.999,1307127.05592180,2525,1021.64441000,562290.35826080,0
2020-11-30,576.63000000,616.36000000,570.73000000,616.36000000,4871.11030000,2020-11-30 23:59:59.999,2908368.71501090,5403,2521.23216000,1506310.76982360,0
2020-12-01,616.66000000,635.62000000,562.01000000,585.43000000,7946.72660000,2020-12-01 23:59:59.999,4758830.89298000,8687,3957.83410000,2368814.25006360,0
2020-12-02,584.58000000,604.64000000,574.76000000,597.16000000,3291.75071000,2020-12-02 23:59:59.999,1947126.26772910,3843,1568.83797000,928460.49326350,0
2020-12-03,597.00000000,623.33000000,586.14000000,616.11000000,2261.74159000,2020-12-03 23:59:59.999,1372637.17003620,2718,951.40096000,577441.25425010,0
2020-12-04,615.41000000,619.86000000,566.01000000,567.38000000,3777.64698000,2020-12-04 23:59:59.999,2233883.13393350,4658,1508.19347000,890696.53218790,0
2020-12-05,566.99000000,597.00000000,561.03000000,597.00000000,1112.28317000,2020-12-05 23:59:59.999,648021.56225610,1612,587.67937000,342281.72937750,0
2020-12-06,597.09000000,607.65000000,583.13000000,601.79000000,2168.73324000,2020-12-06 23:59:59.999,1296030.30204650,2310,1086.97100000,648405.62693260,0
2020-12-07,602.16000000,602.75000000,583.23000000,591.10000000,2510.12219000,2020-12-07 23:59:59.999,1488131.33181820,2236,1213.55111000,714766.81957060,0
2020-12-08,590.59000000,594.90000000,549.45000000,555.03000000,2633.44904000,2020-12-08 23:59:59.999,1501243.94069330,3339,1187.30249000,675479.74218160,0
2020-12-09,554.57000000,578.00000000,530.90000000,573.33000000,3946.48200000,2020-12-09 23:59:59.999,2192202.31633350,4450,2014.40364000,1117852.94210990,0
2020-12-10,572.99000000,575.65000000,548.11000000,558.72000000,2135.95169000,2020-12-10 23:59:59.999,1198223.17677910,2322,1103.91336000,618912.67043020,0
2020-12-11,559.35000000,560.32000000,535.18000000,544.15000000,2602.59742000,2020-12-11 23:59:59.999,1420437.71097630,3050,1321.41322000,721156.35555540,0
2020-12-12,544.32000000,573.84000000,543.83000000,567.67000000,1987.05132000,2020-12-12 23:59:59.999,1111402.02846230,1705,909.12610000,508534.82531020,0
2020-12-13,567.92000000,595.04000000,563.58000000,590.87000000,3139.86575000,2020-12-13 23:59:59.999,1834253.43168640,2273,984.94249000,575656.74711890,0
2020-12-14,591.06000000,591.42000000,575.85000000,586.51000000,1700.87186000,2020-12-14 23:59:59.999,994696.89709860,1442,545.49612000,319158.09488730,0
2020-12-15,586.55000000,597.28000000,579.43000000,589.34000000,2305.12822000,2020-12-15 23:59:59.999,1355233.56910300,1630,1080.11469000,635575.44314350,0
2020-12-16,588.56000000,638.47000000,581.00000000,637.49000000,5050.74326000,2020-12-16 23:59:59.999,3090041.65149870,4016,2180.82751000,1340756.62604260,0
2020-12-17,637.33000000,675.89000000,626.94000000,643.85000000,10329.54198000,2020-12-17 23:59:59.999,6737552.75841530,9235,4217.76261000,2750543.73446450,0
2020-12-18,643.31000000,664.42000000,630.00000000,653.67000000,5797.85418000,2020-12-18 23:59:59.999,3759386.08855950,4954,1367.66889000,886477.94343590,0
2020-12-19,654.40000000,670.07000000,645.71000000,658.44000000,2326.09972000,2020-12-19 23:59:59.999,1527612.85351620,2662,921.28050000,605529.69166110,0
2020-12-20,657.19000000,661.00000000,621.49000000,638.45000000,2954.75495000,2020-12-20 23:59:59.999,1904298.13260650,2897,1267.99375000,817751.50388080,0
2020-12-21,637.10000000,647.99000000,596.48000000,608.45000000,4849.83720000,2020-12-21 23:59:59.999,2979148.95251920,3604,2566.93565000,1571599.22298760,0
2020-12-22,608.44000000,637.54000000,588.58000000,636.67000000,5667.35964000,2020-12-22 23:59:59.999,3481332.84582970,4733,1207.50583000,743158.96283620,0
2020-12-23,637.10000000,642.48000000,552.09000000,585.41000000,5736.37510000,2020-12-23 23:59:59.999,3474139.28144550,5379,2483.63004000,1505460.41034940,0
2020-12-24,585.71000000,615.00000000,565.82000000,612.68000000,5476.94501000,2020-12-24 23:59:59.999,3212433.95801700,4466,1636.27613000,955690.83941810,0
2020-12-25,612.83000000,650.00000000,605.00000000,626.46000000,7022.69887000,2020-12-25 23:59:59.999,4359094.12139400,5287,2254.60851000,1394376.39296180,0
2020-12-26,627.75000000,652.88000000,615.58000000,637.57000000,6076.16224000,2020-12-26 23:59:59.999,3852160.17319710,5141,1438.91284000,914368.51626770,0
2020-12-27,637.57000000,717.52000000,625.61000000,684.51000000,11413.09875000,2020-12-27 23:59:59.999,7711917.17386750,11253,4625.62451000,3148447.06647410,0
2020-12-28,685.60000000,748.02000000,682.00000000,729.94000000,7546.78864000,2020-12-28 23:59:59.999,5472756.54132230,8585,3549.30316000,2573834.66978700,0
2020-12-29,729.86000000,740.55000000,689.10000000,732.00000000,5689.50091000,2020-12-29 23:59:59.999,4081244.44742260,5404,2550.19431000,1830435.21815010,0
2020-12-30,732.21000000,758.92000000,717.69000000,751.73000000,4005.16756000,2020-12-30 23:59:59.999,2957764.35894890,3858,1769.30784000,1306213.38534200,0
2020-12-31,752.43000000,755.54000000,721.86000000,736.24000000,4876.06264000,2020-12-31 23:59:59.999,3599043.67126330,4638,2299.19051000,1697331.65801790,0
2021-01-01,737.61000000,749.11000000,715.62000000,728.52000000,3084.37850000,2021-01-01 23:59:59.999,2265233.99936460,3137,1401.65205000,1031226.06723700,0
2021-01-02,729.46000000,787.22000000,715.34000000,774.56000000,8325.47357000,2021-01-02 23:59:59.999,6352869.23232540,8411,2909.85016000,2210380.50743100,0
2021-01-03,774.60000000,1010.82000000,768.74000000,978.14000000,19330.21676000,2021-01-03 23:59:59.999,17431150.79629040,20848,8731.35287000,7961465.26163020,0
2021-01-04,978.03000000,1160.80000000,881.58000000,1042.10000000,26998.69336000,2021-01-04 23:59:59.999,27384007.01003190,31156,12939.48898000,13170131.64005460,0
2021-01-05,1043.81000000,1133.80000000,970.00000000,1100.22000000,18624.18143000,2021-01-05 23:59:59.999,19741716.20587750,24101,8212.26242000,8701833.29746040,0
2021-01-06,1100.00000000,1212.65000000,1057.98000000,1208.58000000,17559.80908000,2021-01-06 23:59:59.999,19969987.46302090,20122,7459.13612000,8520819.47879510,0
2021-01-07,1209.53000000,1289.11000000,1150.00000000,1224.20000000,12133.83692000,2021-01-07 23:59:59.999,14796411.16071720,14112,4485.38207000,5464011.00087500,0
2021-01-08,1226.69000000,1272.88000000,1065.17000000,1216.50000000,19566.18845000,2021-01-08 23:59:59.999,23163173.97452570,21473,8258.40723000,9720037.37159010,0
2021-01-09,1216.89000000,1302.86000000,1172.69000000,1275.48000000,10254.41390000,2021-01-09 23:59:59.999,12598777.77594240,13047,4023.51398000,4944986.75102060,0
2021-01-10,1277.05000000,1348.22000000,1147.10000000,1254.69000000,12534.01472000,2021-01-10 23:59:59.999,16127117.36091180,17468,6003.14996000,7709682.43548660,0
2021-01-11,1254.71000000,1259.68000000,800.00000000,1089.17000000,26350.66766000,2021-01-11 23:59:59.999,27908625.99874670,30568,12263.25798000,12924792.14190310,0
2021-01-12,1086.38000000,1148.86000000,1011.00000000,1050.42000000,16189.11647000,2021-01-12 23:59:59.999,17379421.38607620,19205,6190.71993000,6663140.97048400,0
2021-01-13,1049.82000000,1137.21000000,988.10000000,1128.81000000,15999.41894000,2021-01-13 23:59:59.999,17132228.18889880,16716,4587.58662000,4869468.23105530,0
2021-01-14,1131.58000000,1247.34000000,1086.00000000,1232.14000000,12574.47650000,2021-01-14 23:59:59.999,14882956.78582030,14101,3092.96312000,3632213.54851180,0
2021-01-15,1232.47000000,1255.37000000,1072.08000000,1172.01000000,17127.19994000,2021-01-15 23:59:59.999,20028657.45179920,19650,4515.35891000,5334432.51828960,0
2021-01-16,1172.01000000,1292.88000000,1151.79000000,1227.63000000,9344.46971000,2021-01-16 23:59:59.999,11441781.39865080,12413,2939.23607000,3615308.21051090,0
2021-01-17,1226.87000000,1269.60000000,1167.61000000,1232.87000000,8459.77435000,2021-01-17 23:59:59.999,10303688.48958410,9436,2432.61823000,2975263.79791490,0
2021-01-18,1232.87000000,1260.40000000,1183.33000000,1258.61000000,8096.07486000,2021-01-18 23:59:59.999,9897128.49624290,7910,1858.50174000,2279908.97935500,0
2021-01-19,1259.08000000,1439.33000000,1253.42000000,1368.78000000,18915.27917000,2021-01-19 23:59:59.999,25866929.17814770,21114,4835.67141000,6592885.28898560,0
2021-01-20,1365.82000000,1407.86000000,1235.53000000,1376.38000000,14649.61596000,2021-01-20 23:59:59.999,19489514.51376700,16986,4478.92197000,5920650.83749360,0
2021-01-21,1377.37000000,1388.17000000,1084.85000000,1111.51000000,13850.20973000,2021-01-21 23:59:59.999,17035273.14209280,15149,6884.61448000,8496552.61957360,0
2021-01-22,1111.85000000,1273.19000000,1043.09000000,1233.50000000,11501.14657000,2021-01-22 23:59:59.999,13350783.98639920,13122,5399.81470000,6239053.83584310,0
2021-01-23,1232.44000000,1272.53000000,1197.11000000,1232.81000000,4350.24424000,2021-01-23 23:59:59.999,5386931.35071650,5758,2103.41261000,2606499.18413400,0
2021-01-24,1233.49000000,1399.00000000,1220.00000000,1391.15000000,5805.04273000,2021-01-24 23:59:59.999,7682868.68753920,8463,2944.39009000,3880279.14082530,0
2021-01-25,1393.20000000,1474.64000000,1294.12000000,1318.62000000,14715.11642000,2021-01-25 23:59:59.999,20605952.57132990,17328,4070.68528000,5693338.70794400,0
2021-01-26,1316.67000000,1378.37000000,1245.35000000,1366.81000000,14260.86370000,2021-01-26 23:59:59.999,19050596.94492950,15058,2751.36864000,3644990.78667670,0
2021-01-27,1366.23000000,1373.73000000,1207.98000000,1237.28000000,8378.55250000,2021-01-27 23:59:59.999,10701556.13378880,11488,3165.35142000,4010609.29177310,0
2021-01-28,1237.28000000,1360.86000000,1217.97000000,1328.34000000,6465.25530000,2021-01-28 23:59:59.999,8548877.90443790,9240,2786.28701000,3670124.90520900,0
2021-01-29,1329.95000000,1436.42000000,1286.11000000,1378.90000000,17474.14258000,2021-01-29 23:59:59.999,23836285.22561210,21491,5501.41686000,7516375.37324130,0
2021-01-30,1378.45000000,1406.40000000,1327.01000000,1376.49000000,5388.83326000,2021-01-30 23:59:59.999,7352893.10238570,7427,1926.54975000,2612999.41446560,0
2021-01-31,1378.56000000,1379.48000000,1281.22000000,1313.57000000,3712.42284000,2021-01-31 23:59:59.999,4912273.48696130,5088,1950.06050000,2580963.04849100,0
2021-02-01,1312.35000000,1378.24000000,1270.00000000,1373.34000000,2794.09700000,2021-02-01 23:59:59.999,3692610.61716290,4625,1531.26578000,2024862.57012710,0
2021-02-02,1374.99000000,1547.82000000,1360.10000000,1512.13000000,9322.60357000,2021-02-02 23:59:59.999,13514352.42143750,13813,4425.94157000,6437592.06597170,0
2021-02-03,1512.26000000,1668.65000000,1509.29000000,1664.81000000,7568.99228000,2021-02-03 23:59:59.999,11995275.62916560,12640,3208.71171000,5106463.56253440,0
2021-02-04,1666.76000000,1695.00000000,1556.78000000,1596.35000000,9140.39564000,2021-02-04 23:59:59.999,14969424.56806850,14856,4823.03805000,7901338.99829530,0
2021-02-05,1596.34000000,1760.69000000,1592.27000000,1720.87000000,5266.43740000,2021-02-05 23:59:59.999,8873259.32198960,9245,2265.97890000,3820878.00100230,0
2021-02-06,1719.92000000,1743.97000000,1644.99000000,1678.84000000,3132.49235000,2021-02-06 23:59:59.999,5296998.28938120,6438,1611.78051000,2729656.82308080,0
2021-02-07,1679.18000000,1692.09000000,1491.88000000,1614.93000000,4148.48929000,2021-02-07 23:59:59.999,6612428.04623650,7694,1966.95594000,3122006.10309010,0
2021-02-08,1611.58000000,1775.77000000,1563.59000000,1750.06000000,4595.22839000,2021-02-08 23:59:59.999,7752957.20134860,9709,2417.53286000,4076757.58423110,0
2021-02-09,1749.96000000,1821.52000000,1710.52000000,1771.50000000,4171.46145000,2021-02-09 23:59:59.999,7315707.47973480,8751,1910.99526000,3355986.55715790,0
2021-02-10,1772.16000000,1836.06000000,1650.00000000,1741.85000000,4133.57861000,2021-02-10 23:59:59.999,7258847.30723780,9345,2181.55801000,3836545.70662110,0
2021-02-11,1741.64000000,1817.59000000,1703.70000000,1785.77000000,2763.58680000,2021-02-11 23:59:59.999,4879188.43744520,5468,1333.07455000,2355386.80144870,0
2021-02-12,1788.77000000,1863.91000000,1740.96000000,1840.56000000,3022.76802000,2021-02-12 23:59:59.999,5454449.65913170,7145,1558.09979000,2817224.63400560,0
2021-02-13,1841.18000000,1872.20000000,1762.82000000,1816.41000000,2221.01758000,2021-02-13 23:59:59.999,4049872.73678810,5086,1099.19539000,2006580.42748130,0
2021-02-14,1817.26000000,1850.00000000,1785.59000000,1800.00000000,1752.27348000,2021-02-14 23:59:59.999,3192783.78319900,4157,887.06234000,1616589.17819030,0
2021-02-15,1800.50000000,1835.48000000,1657.50000000,1783.28000000,4810.54714000,2021-02-15 23:59:59.999,8481656.89696100,7175,2407.76138000,4232839.50295850,0
2021-02-16,1779.28000000,1826.69000000,1724.03000000,1780.44000000,3818.69307000,2021-02-16 23:59:59.999,6788551.64947300,5581,2279.39524000,4049238.32332370,0
2021-02-17,1784.40000000,1854.28000000,1733.40000000,1848.94000000,3128.95280000,2021-02-17 23:59:59.999,5648074.83049720,5368,1535.72911000,2774028.93151240,0
2021-02-18,1850.84000000,1950.90000000,1850.84000000,1940.95000000,3207.41979000,2021-02-18 23:59:59.999,6106404.10966750,6105,1642.71046000,3129638.86558320,0
2021-02-19,1942.09000000,1972.91000000,1892.09000000,1956.13000000,6682.28450000,2021-02-19 23:59:59.999,13022721.15736140,6902,1868.24485000,3623709.01104470,0
2021-02-20,1956.13000000,2040.79000000,1804.38000000,1914.69000000,5251.36661000,2021-02-20 23:59:59.999,10343875.28512280,10239,2907.02067000,5731477.63885890,0
2021-02-21,1910.96000000,1976.00000000,1884.53000000,1933.91000000,4397.00703000,2021-02-21 23:59:59.999,8494896.17629530,5188,1617.04018000,3112029.28868500,0
2021-02-22,1933.91000000,1936.18000000,1530.59000000,1777.54000000,11529.07634000,2021-02-22 23:59:59.999,20345796.50848160,15711,5376.95581000,9499272.12633490,0
2021-02-23,1777.54000000,1782.46000000,1357.03000000,1577.92000000,16245.14593000,2021-02-23 23:59:59.999,25009565.19653150,22400,8159.53133000,12571701.39300370,0
2021-02-24,1579.26000000,1711.73000000,1502.81000000,1624.95000000,6179.07491000,2021-02-24 23:59:59.999,10017446.41654980,8607,3338.77860000,5423619.47582230,0
2021-02-25,1623.20000000,1670.19000000,1459.27000000,1480.83000000,3292.06202000,2021-02-25 23:59:59.999,5223325.49106320,5446,1692.84505000,2692415.08848180,0
2021-02-26,1482.70000000,1561.74000000,1401.00000000,1441.77000000,5365.48627000,2021-02-26 23:59:59.999,7927199.76145790,10848,2620.49770000,3881092.34241450,0
2021-02-27,1446.48000000,1528.38000000,1425.71000000,1457.62000000,3792.41360000,2021-02-27 23:59:59.999,5625074.54618880,5958,1833.93586000,2722496.02381040,0
2021-02-28,1455.35000000,1466.57000000,1293.47000000,1419.49000000,7282.23125000,2021-02-28 23:59:59.999,9973521.29388910,10128,3981.46199000,5448881.62252540,0
2021-03-01,1420.49000000,1571.41000000,1410.56000000,1569.36000000,4032.56546000,2021-03-01 23:59:59.999,6051057.56595930,5654,1981.70524000,2972931.66100320,0
2021-03-02,1570.89000000,1604.41000000,1455.98000000,1485.47000000,3825.75527000,2021-03-02 23:59:59.999,5832654.74118920,4755,1636.17712000,2510790.24956040,0
2021-03-03,1484.99000000,1655.09000000,1477.31000000,1567.90000000,5513.08006000,2021-03-03 23:59:59.999,8756588.14860620,5985,1499.70299000,2391151.33380900,0
2021-03-04,1567.79000000,1624.60000000,1502.68000000,1539.41000000,6154.40656000,2021-03-04 23:59:59.999,9603700.07458020,7099,1676.31499000,2615189.17270130,0
2021-03-05,1535.44000000,1549.53000000,1442.10000000,1527.89000000,10414.79175000,2021-03-05 23:59:59.999,15512651.60555730,8619,1767.93379000,2637922.75042830,0
2021-03-06,1529.36000000,1671.71000000,1514.50000000,1650.00000000,9629.42169000,2021-03-06 23:59:59.999,15158418.43597900,9369,1459.43089000,2322614.21818230,0
2021-03-07,1652.69000000,1734.64000000,1631.57000000,1728.27000000,8633.01598000,2021-03-07 23:59:59.999,14460808.54695530,7588,1097.96386000,1836872.27600450,0
2021-03-08,1730.05000000,1841.69000000,1665.94000000,1834.61000000,8470.97626000,2021-03-08 23:59:59.999,14930796.66959190,9782,2009.66307000,3505072.04223240,0
2021-03-09,1834.61000000,1870.82000000,1800.90000000,1870.82000000,13838.62044000,2021-03-09 23:59:59.999,25392215.53338870,11979,1153.12179000,2114927.63092660,0
2021-03-10,1871.68000000,1919.63000000,1744.86000000,1799.03000000,15643.87305000,2021-03-10 23:59:59.999,28447242.61800870,14282,2473.11934000,4502621.16224360,0
2021-03-11,1795.89000000,1865.00000000,1725.12000000,1826.07000000,7933.37631000,2021-03-11 23:59:59.999,14400262.14699480,6997,1821.81357000,3284450.23213940,0
2021-03-12,1826.87000000,1841.43000000,1721.01000000,1765.33000000,12321.56498000,2021-03-12 23:59:59.999,22081004.66559110,8122,2304.46934000,4112483.26766060,0
2021-03-13,1767.30000000,1949.41000000,1729.48000000,1921.42000000,4338.44135000,2021-03-13 23:59:59.999,8052722.31094840,6751,1943.81164000,3599717.54299310,0
2021-03-14,1921.39000000,1933.09000000,1836.96000000,1854.21000000,2622.01071000,2021-03-14 23:59:59.999,4937286.72655140,3387,1330.01205000,2501827.51509490,0
2021-03-15,1849.85000000,1890.68000000,1733.56000000,1794.00000000,4290.09446000,2021-03-15 23:59:59.999,7711666.05136450,5863,2186.31115000,3925241.47030370,0
2021-03-16,1793.94000000,1817.98000000,1712.68000000,1806.60000000,3866.30424000,2021-03-16 23:59:59.999,6865076.53801340,4979,2193.82852000,3895354.04283860,0
2021-03-17,1805.59000000,1838.67000000,1742.25000000,1822.88000000,3496.01226000,2021-03-17 23:59:59.999,6258259.11693740,4188,1623.17948000,2918090.27786790,0
2021-03-18,1825.00000000,1849.77000000,1759.83000000,1775.42000000,3580.38675000,2021-03-18 23:59:59.999,6470835.46827530,4391,1608.67344000,2906221.02566370,0
2021-03-19,1776.39000000,1839.68000000,1734.64000000,1808.62000000,2102.03920000,2021-03-19 23:59:59.999,3780451.50898640,3547,980.90260000,1765694.71608220,0
2021-03-20,1810.05000000,1868.63000000,1801.29000000,1802.94000000,1420.08634000,2021-03-20 23:59:59.999,2605459.81281430,3228,556.90070000,1022232.63012730,0
2021-03-21,1806.89000000,1816.85000000,1745.64000000,1781.59000000,1583.19886000,2021-03-21 23:59:59.999,2830414.06283150,2841,920.08720000,1646681.60257190,0
2021-03-22,1784.59000000,1807.25000000,1655.59000000,1682.97000000,2723.73052000,2021-03-22 23:59:59.999,4758934.31713040,4198,1547.87915000,2714415.39887350,0
2021-03-23,1680.81000000,1721.44000000,1652.17000000,1669.66000000,2121.15703000,2021-03-23 23:59:59.999,3580619.15647650,3532,919.68765000,1554493.80621380,0
2021-03-24,1671.13000000,1740.42000000,1543.73000000,1584.26000000,3333.51938000,2021-03-24 23:59:59.999,5498307.32667160,5774,1503.51395000,2487588.35864830,0
2021-03-25,1582.98000000,1622.63000000,1549.12000000,1589.14000000,2771.41195000,2021-03-25 23:59:59.999,4400284.12383280,5031,1322.88084000,2101528.11173740,0
2021-03-26,1589.63000000,1700.03000000,1589.63000000,1699.29000000,2654.60681000,2021-03-26 23:59:59.999,4346012.87059200,3694,1497.09113000,2449287.57360430,0
2021-03-27,1699.29000000,1732.92000000,1665.85000000,1713.45000000,1860.77438000,2021-03-27 23:59:59.999,3161008.90113080,3178,837.89772000,1424760.85954520,0
2021-03-28,1715.04000000,1725.03000000,1661.28000000,1689.09000000,1843.79618000,2021-03-28 23:59:59.999,3122038.21923000,2859,1122.14804000,1895618.50623350,0
2021-03-29,1686.32000000,1840.71000000,1678.10000000,1816.97000000,2803.39660000,2021-03-29 23:59:59.999,4978809.42641590,5327,1466.29470000,2603685.76405360,0
2021-03-30,1816.67000000,1859.03000000,1787.88000000,1840.84000000,2070.00086000,2021-03-30 23:59:59.999,3784944.82982340,4947,1071.85024000,1957574.44677580,0
2021-03-31,1840.98000000,1946.60000000,1771.09000000,1916.27000000,3372.65137000,2021-03-31 23:59:59.999,6289009.78981960,8643,1837.31349000,3427929.59720620,0
2021-04-01,1920.93000000,1984.58000000,1885.19000000,1967.55000000,4001.48604000,2021-04-01 23:59:59.999,7767022.98434190,9744,1670.73081000,3247225.37514900,0
2021-04-02,1967.64000000,2145.24000000,1948.82000000,2135.37000000,5598.31698000,2021-04-02 23:59:59.999,11373781.45833780,14339,2836.88482000,5763723.32341040,0
2021-04-03,2135.37000000,2138.79000000,2001.93000000,2010.35000000,6929.18576000,2021-04-03 23:59:59.999,14326535.12641970,15691,3604.86865000,7458053.96765500,0
2021-04-04,2008.70000000,2092.75000000,1976.47000000,2076.94000000,3627.79751000,2021-04-04 23:59:59.999,7410542.74449270,8645,1794.29768000,3670119.80153010,0
2021-04-05,2075.04000000,2132.46000000,2002.45000000,2108.11000000,3980.78079000,2021-04-05 23:59:59.999,8261553.30915230,10099,2016.79666000,4188099.85454530,0
2021-04-06,2108.71000000,2151.17000000,2046.07000000,2111.75000000,3899.70081000,2021-04-06 23:59:59.999,8223621.87701340,10716,1850.27283000,3905442.59619200,0
2021-04-07,2113.98000000,2129.08000000,1931.82000000,1964.80000000,5986.36911000,2021-04-07 23:59:59.999,12025886.90613830,13106,3093.72573000,6214231.59180270,0
2021-04-08,1963.61000000,2036.66000000,1948.32000000,2029.40000000,944.70905000,2021-04-08 23:59:59.999,1887552.58858540,2235,435.52492000,870443.31548320,0
